,id,pred
0,1,6.08143658388e-17
1,2,1.57564772165e-12
2,3,2.08544638567e-11
3,4,4.87766405763e-11
4,5,1.23146069955e-13
5,6,2.32860688671e-14
6,7,1.63375991492e-09
7,8,2.08544638567e-11
8,9,3.197441977e-12
9,10,6.47816344087e-17
10,11,1.81994225377e-15
11,12,2.32310265081e-17
12,13,1.42239114122e-16
13,14,1.22141961527e-12
14,15,6.95216108189e-16
15,16,2.85678624863e-12
16,17,6.73668544472e-13
17,18,1.94848809361e-17
18,19,2.91016927657e-17
19,20,2.1808343642e-17
20,21,4.86613449752e-14
21,22,1.27084947331e-16
22,23,6.79052466048e-20
23,24,6.96863316271e-13
24,25,9.72448981124e-19
25,26,9.95596408042e-15
26,27,2.59397358199e-20
27,28,2.79036651231e-16
28,29,1.27687877379e-10
29,30,2.08051691955e-14
30,31,6.08143658388e-17
31,32,4.25667472412e-15
32,33,2.49898760977e-13
33,34,7.47851774807e-12
34,35,7.7012267946e-12
35,36,2.32310265081e-17
36,37,7.52217473805e-16
37,38,9.97955321226e-12
38,39,1.42239114122e-16
39,40,8.3505037818e-15
40,41,4.76425929726e-15
41,42,3.32683985226e-16
42,43,4.74176291606e-21
43,44,1.5920033026e-16
44,45,1.0659171977e-16
45,46,1.86326275808e-11
46,47,3.71474531497e-19
47,48,1.62989812363e-12
48,49,3.32683985226e-16
49,50,1.94848809361e-17
50,51,6.08143658388e-17
51,52,3.6368206537e-09
52,53,4.14788008076e-22
53,54,8.7090278078e-16
54,55,1.51078312627e-11
55,56,1.37830547723e-13
56,57,4.24661302501e-18
57,58,1.62989812363e-12
58,59,8.39925112342e-19
59,60,4.25667472412e-15
60,61,6.95216108189e-16
61,62,1.27386055648e-13
62,63,6.24094642872e-10
63,64,1.57192329019e-15
64,65,2.49898760977e-13
65,66,3.71474531497e-19
66,67,8.5991804311e-15
67,68,3.81217927732e-12
68,69,2.57340705579e-13
69,70,2.32310265081e-17
70,71,1.13814334916e-13
71,72,6.0332194258e-10
72,73,2.90329037472e-20
73,74,1.01929481839e-10
74,75,3.40602938697e-12
75,76,4.86613449752e-14
76,77,4.25667472412e-15
77,78,1.13814334916e-13
78,79,2.60011960508e-17
79,80,5.22218236413e-13
80,81,2.32860688671e-14
81,82,2.87346317482e-16
82,83,1.41902896943e-19
83,84,7.61826426294e-17
84,85,5.1128531061e-14
85,86,5.57603548882e-10
86,87,1.77342707907e-22
87,88,4.08144045077e-14
88,89,4.752997797e-18
89,90,1.81564037201e-18
90,91,3.65524352129e-11
91,92,7.79960356062e-13
92,93,1.111681733e-17
93,94,2.13517739814e-18
94,95,8.3505037818e-15
95,96,2.26909095651e-21
96,97,9.97955321226e-12
97,98,3.8031682527e-15
98,99,1.11431569259e-14
99,100,7.25064807688e-17
100,101,7.76277457128e-19
101,102,2.32310265081e-17
102,103,3.33472228972e-13
103,104,1.62989812363e-12
104,105,1.62989812363e-12
105,106,4.26676026286e-12
106,107,3.32683985226e-16
107,108,3.71474531497e-19
108,109,2.26909095651e-21
109,110,9.56872554223e-11
110,111,1.14084000536e-10
111,112,4.27823754127e-17
112,113,1.19302184178e-16
113,114,1.111681733e-17
114,115,1.36706705e-12
115,116,1.09387511214e-09
116,117,1.27084947331e-16
117,118,2.99453350447e-15
118,119,4.54510541458e-12
119,120,1.45624864493e-12
120,121,4.24661302501e-18
121,122,3.98654773743e-18
122,123,5.45929812387e-11
123,124,1.11467207695e-22
124,125,1.19302184178e-16
125,126,2.97239806374e-16
126,127,2.85678624863e-12
127,128,3.05036100923e-09
128,129,5.43351983546e-17
129,130,3.21610753305e-16
130,131,1.62604545798e-15
131,132,2.26909095651e-21
132,133,5.44639372846e-14
133,134,8.68844187558e-19
134,135,6.96863316271e-13
135,136,4.77707481229e-20
136,137,1.5882402107e-19
137,138,7.30464363444e-16
138,139,1.52646539802e-15
139,140,4.25667472412e-15
140,141,3.11571983893e-19
141,142,9.72448981124e-19
142,143,2.49308063707e-16
143,144,6.96863316271e-13
144,145,3.43139407894e-11
145,146,1.33528300139e-16
146,147,1.27084947331e-16
147,148,3.65524352129e-11
148,149,7.7811672766e-16
149,150,1.42576127916e-13
150,151,7.60025661901e-20
151,152,4.76425929726e-15
152,153,7.79960356062e-13
153,154,1.111681733e-17
154,155,8.91633080111e-12
155,156,2.23803541393e-10
156,157,2.97944070567e-13
157,158,4.14788008076e-22
158,159,9.97955321226e-12
159,160,4.752997797e-18
160,161,4.86613449752e-14
161,162,4.35799733211e-11
162,163,5.44639372846e-14
163,164,1.08583534438e-21
164,165,1.07467992288e-17
165,166,2.66831807674e-10
166,167,7.2295987585e-12
167,168,1.06844272523e-13
168,169,1.62989812363e-12
169,170,5.69551089173e-20
170,171,1.01929481839e-10
171,172,6.80661376856e-17
172,173,3.81217927732e-12
173,174,7.7811672766e-16
174,175,3.32683985226e-16
175,176,3.21610753305e-16
176,177,6.96863316271e-13
177,178,2.08544638567e-11
178,179,1.41902896943e-19
179,180,2.08544638567e-11
180,181,9.95596408042e-15
181,182,2.60011960508e-17
182,183,6.08143658388e-17
183,184,8.8952548573e-15
184,185,3.24949145915e-20
185,186,8.68844187558e-19
186,187,7.04482034124e-19
187,188,1.62604545798e-15
188,189,8.61955487192e-12
189,190,4.25667472412e-15
190,191,1.04113482581e-20
191,192,8.39925112342e-19
192,193,1.81994225377e-15
193,194,3.8031682527e-15
194,195,5.83108244838e-16
195,196,1.60006783146e-18
196,197,1.81994225377e-15
197,198,2.61245537186e-11
198,199,9.32416232178e-18
199,200,1.27386055648e-13
200,201,5.3197661113e-18
201,202,1.13814334916e-13
202,203,3.71474531497e-19
203,204,1.45969900092e-09
204,205,2.32860688671e-14
205,206,2.97944070567e-13
206,207,9.54610750359e-14
207,208,1.27728714981e-18
208,209,3.81217927732e-12
209,210,3.57025980553e-15
210,211,4.11499328309e-15
211,212,5.10076761851e-17
212,213,8.91633080111e-12
213,214,1.13814334916e-13
214,215,1.36383565033e-15
215,216,8.91633080111e-12
216,217,2.09601052369e-13
217,218,2.03214529731e-18
218,219,5.44639372846e-14
219,220,1.62989812363e-12
220,221,2.32860688671e-14
221,222,1.01929481839e-10
222,223,5.26511304298e-14
223,224,4.26676026286e-12
224,225,7.58229154059e-23
225,226,8.5991804311e-15
226,227,1.38932081802e-20
227,228,2.55253238082e-23
228,229,1.111681733e-17
229,230,2.61245537186e-11
230,231,3.34369245296e-18
231,232,1.42239114122e-16
232,233,1.63815461432e-14
233,234,2.90329037472e-20
234,235,1.119960424e-16
235,236,9.95596408042e-15
236,237,3.71474531497e-19
237,238,6.35960050407e-23
238,239,8.8952548573e-15
239,240,2.25110028809e-14
240,241,6.09584561637e-14
241,242,1.81994225377e-15
242,243,3.71474531497e-19
243,244,1.9531047377e-14
244,245,3.31897604689e-19
245,246,1.74915535951e-11
246,247,5.68023147738e-15
247,248,4.35799733211e-11
248,249,2.57950434898e-10
249,250,2.51357583174e-17
250,251,1.19714982591e-23
251,252,1.36383565033e-15
252,253,4.76425929726e-15
253,254,6.72076162947e-16
254,255,3.31897604689e-19
255,256,1.27084947331e-16
256,257,9.95596408042e-15
257,258,1.1173131217e-19
258,259,5.30719153387e-21
259,260,1.2343784569e-10
260,261,6.96863316271e-13
261,262,2.26909095651e-21
262,263,2.03214529731e-18
263,264,8.7090278078e-16
264,265,7.7811672766e-16
265,266,5.26511304298e-14
266,267,1.27386055648e-13
267,268,1.62604545798e-15
268,269,2.03214529731e-18
269,270,4.26676026286e-12
270,271,5.44639372846e-14
271,272,1.42239114122e-16
272,273,9.95596408042e-15
273,274,2.27446721998e-18
274,275,1.19302184178e-16
275,276,4.53436193852e-15
276,277,6.96863316271e-13
277,278,1.27386055648e-13
278,279,3.8031682527e-15
279,280,4.35799733211e-11
280,281,1.42239114122e-16
281,282,4.25667472412e-15
282,283,1.90769542443e-18
283,284,2.79036651231e-16
284,285,2.49308063707e-16
285,286,4.45137433364e-21
286,287,1.01929481839e-10
287,288,1.81994225377e-15
288,289,6.37466860336e-20
289,290,7.7012267946e-12
290,291,1.42239114122e-16
291,292,5.44639372846e-14
292,293,3.34369245296e-18
293,294,3.32683985226e-16
294,295,5.80169311143e-14
295,296,7.7811672766e-16
296,297,3.84056856646e-11
297,298,1.5920033026e-16
298,299,5.43351983546e-17
299,300,1.27386055648e-13
300,301,1.94848809361e-17
301,302,8.8952548573e-15
302,303,2.66831807674e-10
303,304,1.9896012186e-19
304,305,1.42239114122e-16
305,306,3.11571983893e-19
306,307,2.03214529731e-18
307,308,4.24661302501e-18
308,309,1.27826825127e-20
309,310,1.74502080004e-14
310,311,2.90329037472e-20
311,312,3.81217927732e-12
312,313,9.95596408042e-15
313,314,1.13814334916e-13
314,315,8.3505037818e-15
315,316,2.08544638567e-11
316,317,1.00063974931e-16
317,318,4.25667472412e-15
318,319,1.14084000536e-10
319,320,5.44639372846e-14
320,321,4.87766405763e-11
321,322,3.74240901377e-18
322,323,1.62989812363e-12
323,324,3.33472228972e-13
324,325,1.45969900092e-09
325,326,1.86326275808e-11
326,327,3.31897604689e-19
327,328,9.70150358448e-22
328,329,1.62604545798e-15
329,330,5.44639372846e-14
330,331,8.91633080111e-12
331,332,1.27687877379e-10
332,333,1.69093553583e-11
333,334,1.13814334916e-13
334,335,2.97944070567e-13
335,336,4.28837416983e-14
336,337,2.90329037472e-20
337,338,8.91633080111e-12
338,339,2.76824286145e-09
339,340,3.81217927732e-12
340,341,2.32310265081e-17
341,342,4.25667472412e-15
342,343,1.2505464413e-19
343,344,3.40602938697e-12
344,345,4.08144045077e-14
345,346,2.10097669914e-10
346,347,1.06844272523e-13
347,348,3.197441977e-12
348,349,6.96863316271e-13
349,350,1.82425432817e-12
350,351,3.30046272656e-09
351,352,8.0067390929e-14
352,353,7.83911360928e-15
353,354,2.25110028809e-14
354,355,2.97239806374e-16
355,356,4.89078462355e-16
356,357,6.08143658388e-17
357,358,4.57895280271e-11
358,359,3.32683985226e-16
359,360,9.32416232178e-18
360,361,1.24130246504e-20
361,362,1.81994225377e-15
362,363,7.79960356062e-13
363,364,4.35799733211e-11
364,365,1.5882402107e-19
365,366,3.11571983893e-19
366,367,1.81994225377e-15
367,368,5.23455552263e-10
368,369,6.80661376856e-17
369,370,1.9531047377e-14
370,371,5.62187513723e-11
371,372,6.52640630734e-16
372,373,2.59397358199e-20
373,374,3.73236920889e-13
374,375,2.91799742272e-22
375,376,9.98274490812e-20
376,377,2.99453350447e-15
377,378,4.45137433364e-21
378,379,2.97944070567e-13
379,380,4.25667472412e-15
380,381,3.32683985226e-16
381,382,8.3505037818e-15
382,383,6.2261944186e-13
383,384,6.96863316271e-13
384,385,5.44639372846e-14
385,386,1.42913940193e-10
386,387,1.38932081802e-20
387,388,1.14084000536e-10
388,389,1.89808041656e-16
389,390,1.42239114122e-16
390,391,2.0273418214e-21
391,392,1.94848809361e-17
392,393,1.62604545798e-15
393,394,2.97239806374e-16
394,395,1.27084947331e-16
395,396,9.95596408042e-15
396,397,2.59397358199e-20
397,398,1.62989812363e-12
398,399,1.11431569259e-14
399,400,9.27716745407e-16
400,401,1.32541265675e-17
401,402,2.60011960508e-17
402,403,1.78663378596e-21
403,404,4.28837416983e-14
404,405,1.81994225377e-15
405,406,1.04360163531e-17
406,407,3.06581307461e-11
407,408,5.44639372846e-14
408,409,1.62604545798e-15
409,410,6.52640630734e-16
410,411,7.79960356062e-13
411,412,1.45624864493e-12
412,413,1.94848809361e-17
413,414,2.60628019022e-14
414,415,1.45624864493e-12
415,416,4.55733142144e-17
416,417,3.24181048575e-23
417,418,1.62989812363e-12
418,419,7.7811672766e-16
419,420,2.08051691955e-14
420,421,9.70150358448e-22
421,422,1.62989812363e-12
422,423,4.25667472412e-15
423,424,3.32683985226e-16
424,425,8.91633080111e-12
425,426,5.94004434125e-21
426,427,2.90329037472e-20
427,428,2.7190486529e-23
428,429,4.87766405763e-11
429,430,4.35799733211e-11
430,431,2.03214529731e-18
431,432,8.39925112342e-19
432,433,3.33472228972e-13
433,434,7.7811672766e-16
434,435,2.90329037472e-20
435,436,1.24130246504e-20
436,437,4.47249302212e-15
437,438,6.96863316271e-13
438,439,5.44639372846e-14
439,440,1.77342707907e-22
440,441,3.197441977e-12
441,442,6.79052466048e-20
442,443,6.95216108189e-16
443,444,5.44639372846e-14
444,445,9.95596408042e-15
445,446,2.08544638567e-11
446,447,1.0709742365e-10
447,448,4.5681293202e-14
448,449,1.71439938247e-22
449,450,5.57603548882e-10
450,451,8.68844187558e-19
451,452,2.49898760977e-13
452,453,6.96863316271e-13
453,454,6.51097953861e-19
454,455,3.34626078818e-20
455,456,1.22141961527e-12
456,457,5.39043973767e-10
457,458,1.5920033026e-16
458,459,4.25667472412e-15
459,460,6.09584561637e-14
460,461,1.81564037201e-18
461,462,1.44897049978e-21
462,463,
463,464,1.111681733e-17
464,465,3.40602938697e-12
465,466,5.30719153387e-21
466,467,6.79052466048e-20
467,468,1.45624864493e-12
468,469,6.89704027133e-09
469,470,4.25667472412e-15
470,471,6.2261944186e-13
471,472,3.75415748439e-17
472,473,1.01929481839e-10
473,474,5.30719153387e-21
474,475,4.25667472412e-15
475,476,1.62989812363e-12
476,477,3.42328313401e-14
477,478,4.5681293202e-14
478,479,5.43351983546e-17
479,480,2.08051691955e-14
480,481,1.964506285e-18
481,482,6.11224300288e-19
482,483,1.41902896943e-19
483,484,1.01929481839e-10
484,485,4.5681293202e-14
485,486,1.13814334916e-13
486,487,3.31897604689e-19
487,488,1.07213965219e-20
488,489,5.43351983546e-17
489,490,1.81994225377e-15
490,491,5.44639372846e-14
491,492,2.88709576678e-10
492,493,3.81217927732e-12
493,494,6.09584561637e-14
494,495,1.19302184178e-16
495,496,1.111681733e-17
496,497,9.95596408042e-15
497,498,1.11431569259e-14
498,499,9.32416232178e-18
499,500,1.62989812363e-12
500,501,7.76277457128e-19
501,502,7.7811672766e-16
502,503,1.46822021899e-13
503,504,1.14084000536e-10
504,505,5.04836444978e-13
505,506,3.31897604689e-19
506,507,9.72448981124e-19
507,508,1.5882402107e-19
508,509,4.45137433364e-21
509,510,6.96863316271e-13
510,511,6.80661376856e-17
511,512,2.08544638567e-11
512,513,1.14749983332e-14
513,514,4.35799733211e-11
514,515,1.81994225377e-15
515,516,1.5628002052e-11
516,517,1.81994225377e-15
517,518,3.71474531497e-19
518,519,3.197441977e-12
519,520,2.26250357048e-16
520,521,5.84489830509e-13
521,522,2.91016927657e-17
522,523,1.81994225377e-15
523,524,1.27386055648e-13
524,525,8.5991804311e-15
525,526,1.52646539802e-15
526,527,6.95216108189e-16
527,528,5.45929812387e-11
528,529,1.5882402107e-19
529,530,6.59564923229e-14
530,531,1.111681733e-17
531,532,6.95216108189e-16
532,533,2.61245537186e-11
533,534,4.0911107986e-11
534,535,2.03696015433e-15
535,536,8.5991804311e-15
536,537,3.99599325167e-15
537,538,6.95216108189e-16
538,539,6.08143658388e-17
539,540,1.111681733e-17
540,541,6.8249230703e-22
541,542,2.66831807674e-10
542,543,7.7811672766e-16
543,544,5.10076761851e-17
544,545,2.08544638567e-11
545,546,2.60011960508e-17
546,547,1.111681733e-17
547,548,2.49898760977e-13
548,549,3.23136573498e-10
549,550,8.91633080111e-12
550,551,1.62989812363e-12
551,552,6.09584561637e-14
552,553,7.7811672766e-16
553,554,1.14084000536e-10
554,555,2.08544638567e-11
555,556,7.7811672766e-16
556,557,9.95596408042e-15
557,558,1.27386055648e-13
558,559,1.1958485243e-13
559,560,4.5681293202e-14
560,561,6.08143658388e-17
561,562,1.13814334916e-13
562,563,4.76425929726e-15
563,564,3.81217927732e-12
564,565,1.5882402107e-19
565,566,9.8536806381e-11
566,567,5.26511304298e-14
567,568,4.25667472412e-15
568,569,2.67549566127e-15
569,570,1.80124492264e-11
570,571,7.47851774807e-12
571,572,1.111681733e-17
572,573,1.13814334916e-13
573,574,9.54610750359e-14
574,575,7.30464363444e-16
575,576,1.32541265675e-17
576,577,1.62989812363e-12
577,578,1.01929481839e-10
578,579,1.42239114122e-16
579,580,4.45137433364e-21
580,581,1.63428243242e-17
581,582,3.72354683501e-16
582,583,8.33076530942e-18
583,584,1.10286767569e-10
584,585,1.33212673114e-19
585,586,3.81217927732e-12
586,587,2.66201085048e-13
587,588,5.60428172671e-12
588,589,3.32683985226e-16
589,590,3.06581307461e-11
590,591,1.42576127916e-13
591,592,8.17568139548e-16
592,593,4.76425929726e-15
593,594,3.24949145915e-20
594,595,6.73668544472e-13
595,596,1.82425432817e-12
596,597,2.03214529731e-18
597,598,9.56872554223e-11
598,599,1.45969900092e-09
599,600,1.07722621235e-14
600,601,2.08544638567e-11
601,602,9.93243070721e-18
602,603,5.34671417555e-20
603,604,2.59397358199e-20
604,605,6.79052466048e-20
605,606,4.26676026286e-12
606,607,1.13814334916e-13
607,608,2.26372740117e-24
608,609,6.08143658388e-17
609,610,1.57192329019e-15
610,611,5.44639372846e-14
611,612,5.43351983546e-17
612,613,6.95216108189e-16
613,614,7.82058393353e-18
614,615,3.81217927732e-12
615,616,2.53966731934e-21
616,617,2.88709576678e-10
617,618,2.49898760977e-13
618,619,2.61245537186e-11
619,620,4.5681293202e-14
620,621,5.84489830509e-13
621,622,6.32754737436e-21
622,623,2.32860688671e-14
623,624,4.25667472412e-15
624,625,1.81994225377e-15
625,626,3.57025980553e-15
626,627,1.06844272523e-13
627,628,1.98489830609e-22
628,629,1.42239114122e-16
629,630,4.94534775063e-22
630,631,6.08143658388e-17
631,632,1.27084947331e-16
632,633,8.8952548573e-15
633,634,8.8952548573e-15
634,635,2.26909095651e-21
635,636,5.44639372846e-14
636,637,1.111681733e-17
637,638,3.81217927732e-12
638,639,1.04113482581e-20
639,640,2.91016927657e-17
640,641,4.86613449752e-14
641,642,2.01603327139e-11
642,643,6.11693789906e-21
643,644,1.0709742365e-10
644,645,1.22141961527e-12
645,646,9.54610750359e-14
646,647,1.5920033026e-16
647,648,1.1173131217e-19
648,649,1.06844272523e-13
649,650,3.41409944025e-09
650,651,4.17876933305e-21
651,652,6.08143658388e-17
652,653,4.24661302501e-18
653,654,3.81217927732e-12
654,655,4.15770784728e-19
655,656,5.94004434125e-21
656,657,3.197441977e-12
657,658,2.08544638567e-11
658,659,6.08143658388e-17
659,660,1.82425432817e-12
660,661,7.79960356062e-13
661,662,1.81564037201e-18
662,663,3.33472228972e-13
663,664,3.83149043688e-14
664,665,3.20501781575e-09
665,666,3.70596459949e-22
666,667,2.91016927657e-17
667,668,1.5628002052e-11
668,669,1.9531047377e-14
669,670,6.73668544472e-13
670,671,4.25667472412e-15
671,672,1.111681733e-17
672,673,3.8031682527e-15
673,674,1.9531047377e-14
674,675,1.90769542443e-18
675,676,5.44639372846e-14
676,677,7.7811672766e-16
677,678,6.09584561637e-14
678,679,6.08143658388e-17
679,680,1.62989812363e-12
680,681,4.26676026286e-12
681,682,1.27386055648e-13
682,683,5.89483292987e-22
683,684,6.96863316271e-13
684,685,2.97944070567e-13
685,686,6.09779521113e-22
686,687,4.87766405763e-11
687,688,6.47816344087e-17
688,689,2.08544638567e-11
689,690,1.80124492264e-11
690,691,2.32860688671e-14
691,692,8.8952548573e-15
692,693,2.60628019022e-14
693,694,9.93243070721e-18
694,695,6.08143658388e-17
695,696,9.95596408042e-15
696,697,2.44088662367e-17
697,698,2.99453350447e-15
698,699,1.63375991492e-09
699,700,2.32860688671e-14
700,701,2.92491117067e-19
701,702,1.5920033026e-16
702,703,2.32310265081e-17
703,704,9.95596408042e-15
704,705,6.96863316271e-13
705,706,2.91016927657e-17
706,707,6.2261944186e-13
707,708,1.02445820757e-12
708,709,5.44639372846e-14
709,710,3.41409944025e-09
710,711,1.7044493987e-18
711,712,4.27823754127e-17
712,713,3.81217927732e-12
713,714,9.95596408042e-15
714,715,4.87766405763e-11
715,716,1.42239114122e-16
716,717,2.08544638567e-11
717,718,3.81217927732e-12
718,719,3.32683985226e-16
719,720,1.01929481839e-10
720,721,1.11431569259e-14
721,722,1.2442435411e-17
722,723,2.27446721998e-18
723,724,1.49097536817e-19
724,725,3.31897604689e-19
725,726,8.8952548573e-15
726,727,1.2442435411e-17
727,728,6.08143658388e-17
728,729,1.01929481839e-10
729,730,2.17498381408e-12
730,731,7.06533166848e-24
731,732,1.14084000536e-10
732,733,1.111681733e-17
733,734,3.11571983893e-19
734,735,1.52646539802e-15
735,736,4.752997797e-18
736,737,7.7811672766e-16
737,738,4.24661302501e-18
738,739,7.79960356062e-13
739,740,6.80661376856e-17
740,741,2.1808343642e-17
741,742,2.03214529731e-18
742,743,6.96863316271e-13
743,744,7.60025661901e-20
744,745,7.30464363444e-16
745,746,3.30046272656e-09
746,747,4.15770784728e-19
747,748,2.66201085048e-13
748,749,4.86613449752e-14
749,750,6.96863316271e-13
750,751,9.56872554223e-11
751,752,1.81994225377e-15
752,753,5.44639372846e-14
753,754,3.24949145915e-20
754,755,5.44639372846e-14
755,756,3.11571983893e-19
756,757,4.25667472412e-15
757,758,4.87766405763e-11
758,759,1.15667058823e-21
759,760,2.90329037472e-20
760,761,3.35161482008e-15
761,762,4.5681293202e-14
762,763,9.95596408042e-15
763,764,1.63815461432e-14
764,765,6.80661376856e-17
765,766,1.111681733e-17
766,767,1.06844272523e-13
767,768,2.60011960508e-17
768,769,3.83149043688e-14
769,770,3.98654773743e-18
770,771,2.53366419012e-24
771,772,1.18700887229e-14
772,773,1.86326275808e-11
773,774,1.42576127916e-13
774,775,1.62989812363e-12
775,776,5.44639372846e-14
776,777,2.03214529731e-18
777,778,3.197441977e-12
778,779,1.15667058823e-21
779,780,8.68844187558e-19
780,781,1.45624864493e-12
781,782,4.14788008076e-22
782,783,1.27386055648e-13
783,784,3.33472228972e-13
784,785,1.42576127916e-13
785,786,5.30719153387e-21
786,787,4.76425929726e-15
787,788,1.27084947331e-16
788,789,1.33528300139e-16
789,790,2.334124164e-11
790,791,8.33076530942e-18
791,792,1.19302184178e-16
792,793,4.87766405763e-11
793,794,1.77342707907e-22
794,795,2.97944070567e-13
795,796,1.42239114122e-16
796,797,9.95596408042e-15
797,798,2.32860688671e-14
798,799,1.95773232018e-11
799,800,1.81994225377e-15
800,801,6.80661376856e-17
801,802,8.5991804311e-15
802,803,8.41915186244e-16
803,804,1.57564772165e-12
804,805,2.91016927657e-17
805,806,8.48643725632e-23
806,807,2.60011960508e-17
807,808,1.62989812363e-12
808,809,2.81330564393e-17
809,810,1.5920033026e-16
810,811,1.111681733e-17
811,812,3.98654773743e-18
812,813,1.14084000536e-10
813,814,7.4608404295e-15
814,815,2.13013038048e-21
815,816,1.04360163531e-17
816,817,9.95596408042e-15
817,818,2.08544638567e-11
818,819,1.1958485243e-13
819,820,1.27386055648e-13
820,821,1.46362548844e-14
821,822,2.32860688671e-14
822,823,1.27084947331e-16
823,824,4.89078462355e-16
824,825,6.11224300288e-19
825,826,1.14084000536e-10
826,827,6.2261944186e-13
827,828,9.98274490812e-20
828,829,2.08051691955e-14
829,830,3.33472228972e-13
830,831,2.71175422896e-18
831,832,1.86326275808e-11
832,833,2.66831807674e-10
833,834,1.32227971749e-20
834,835,4.87766405763e-11
835,836,4.14788008076e-22
836,837,6.24094642872e-10
837,838,3.33472228972e-13
838,839,4.21294341515e-11
839,840,1.69585877455e-16
840,841,1.14084000536e-10
841,842,2.7837707938e-19
842,843,6.52640630734e-16
843,844,3.32683985226e-16
844,845,2.60011960508e-17
845,846,6.96863316271e-13
846,847,6.24094642872e-10
847,848,3.8031682527e-15
848,849,1.27084947331e-16
849,850,1.27687877379e-10
850,851,4.17876933305e-21
851,852,8.91633080111e-12
852,853,1.11431569259e-14
853,854,7.79960356062e-13
854,855,3.33472228972e-13
855,856,4.60568313949e-15
856,857,1.11431569259e-14
857,858,3.81217927732e-12
858,859,6.08143658388e-17
859,860,1.62604545798e-15
860,861,3.93500670046e-09
861,862,5.10076761851e-17
862,863,8.91633080111e-12
863,864,8.91633080111e-12
864,865,6.11224300288e-19
865,866,7.83911360928e-15
866,867,8.68844187558e-19
867,868,1.81564037201e-18
868,869,8.91633080111e-12
869,870,1.27386055648e-13
870,871,1.42239114122e-16
871,872,4.752997797e-18
872,873,4.74176291606e-21
873,874,4.35799733211e-11
874,875,1.90769542443e-18
875,876,2.03214529731e-18
876,877,6.96863316271e-13
877,878,7.7811672766e-16
878,879,1.81994225377e-15
879,880,2.32860688671e-14
880,881,5.44639372846e-14
881,882,2.97239806374e-16
882,883,1.62989812363e-12
883,884,6.08143658388e-17
884,885,4.58393553989e-21
885,886,5.60428172671e-12
886,887,2.39611193655e-12
887,888,4.752997797e-18
888,889,5.44639372846e-14
889,890,1.13814334916e-13
890,891,1.32541265675e-17
891,892,1.7776289429e-19
892,893,1.95773232018e-11
893,894,3.97585297872e-13
894,895,1.75936632119e-15
895,896,1.10026077643e-13
896,897,2.08544638567e-11
897,898,2.97944070567e-13
898,899,1.28031348607e-15
899,900,2.60011960508e-17
900,901,1.111681733e-17
901,902,9.54610750359e-14
902,903,2.10824630535e-17
903,904,1.62989812363e-12
904,905,5.43351983546e-17
905,906,6.08143658388e-17
906,907,1.81564037201e-18
907,908,4.08144045077e-14
908,909,4.0911107986e-11
909,910,4.21294341515e-11
910,911,3.8031682527e-15
911,912,4.25667472412e-15
912,913,6.2261944186e-13
913,914,6.96863316271e-13
914,915,1.111681733e-17
915,916,1.5882402107e-19
916,917,1.94326086158e-12
917,918,1.42576127916e-13
918,919,6.2261944186e-13
919,920,6.80661376856e-17
920,921,2.03696015433e-15
921,922,4.43943257913e-16
922,923,6.24094642872e-10
923,924,1.19302184178e-16
924,925,1.11431569259e-14
925,926,1.18700887229e-14
926,927,1.42239114122e-16
927,928,8.3505037818e-15
928,929,4.752997797e-18
929,930,4.752997797e-18
930,931,1.7044493987e-18
931,932,1.51877183404e-13
932,933,9.97955321226e-12
933,934,1.7776289429e-19
934,935,1.81994225377e-15
935,936,2.60011960508e-17
936,937,1.27084947331e-16
937,938,7.76277457128e-19
938,939,1.19302184178e-16
939,940,1.7044493987e-18
940,941,2.60011960508e-17
941,942,7.08207188967e-21
942,943,2.03214529731e-18
943,944,2.66831807674e-10
944,945,1.27386055648e-13
945,946,1.94326086158e-12
946,947,1.14084000536e-10
947,948,3.18988403538e-15
948,949,7.7811672766e-16
949,950,9.93243070721e-18
950,951,1.81994225377e-15
951,952,7.7811672766e-16
952,953,2.97944070567e-13
953,954,6.2261944186e-13
954,955,4.45137433364e-21
955,956,1.90769542443e-18
956,957,1.59577531058e-13
957,958,4.01932047279e-19
958,959,2.60011960508e-17
959,960,5.1958619545e-11
960,961,7.79960356062e-13
961,962,2.03214529731e-18
962,963,1.27386055648e-13
963,964,2.60628019022e-14
964,965,3.32683985226e-16
965,966,5.44639372846e-14
966,967,8.7090278078e-16
967,968,5.06306300137e-18
968,969,1.81994225377e-15
969,970,2.46095274018e-18
970,971,8.8952548573e-15
971,972,1.81994225377e-15
972,973,2.22149196941e-11
973,974,1.38932081802e-20
974,975,1.42239114122e-16
975,976,6.24094642872e-10
976,977,6.96863316271e-13
977,978,5.34671417555e-20
978,979,2.40178915101e-09
979,980,1.11431569259e-14
980,981,3.35161482008e-15
981,982,1.36706705e-12
982,983,2.03214529731e-18
983,984,9.54610750359e-14
984,985,9.95596408042e-15
985,986,2.23274526651e-13
986,987,
987,988,2.334124164e-11
988,989,4.94534775063e-22
989,990,4.87766405763e-11
990,991,2.13013038048e-21
991,992,6.77447358297e-23
992,993,2.97944070567e-13
993,994,1.5920033026e-16
994,995,5.3197661113e-18
995,996,1.42239114122e-16
996,997,5.84489830509e-13
997,998,9.62458444042e-15
998,999,4.87766405763e-11
999,1000,2.98650003317e-10
1000,1001,5.1128531061e-14
1001,1002,1.42239114122e-16
1002,1003,
1003,1004,6.79052466048e-20
1004,1005,5.43351983546e-17
1005,1006,6.96863316271e-13
1006,1007,4.11499328309e-15
1007,1008,1.7044493987e-18
1008,1009,2.97944070567e-13
1009,1010,7.21250982127e-15
1010,1011,2.09601052369e-13
1011,1012,3.81217927732e-12
1012,1013,5.57603548882e-10
1013,1014,1.27386055648e-13
1014,1015,5.43351983546e-17
1015,1016,2.66201085048e-13
1016,1017,1.5920033026e-16
1017,1018,4.07049110569e-09
1018,1019,4.25667472412e-15
1019,1020,1.81994225377e-15
1020,1021,1.42239114122e-16
1021,1022,8.91633080111e-12
1022,1023,6.95216108189e-16
1023,1024,1.36706705e-12
1024,1025,1.82916144118e-17
1025,1026,8.91633080111e-12
1026,1027,1.9531047377e-14
1027,1028,4.25667472412e-15
1028,1029,
1029,1030,5.08871069795e-20
1030,1031,5.70900553241e-17
1031,1032,1.36706705e-12
1032,1033,3.72354683501e-16
1033,1034,2.98650003317e-10
1034,1035,2.77630273901e-14
1035,1036,3.81217927732e-12
1036,1037,3.03511570287e-18
1037,1038,3.47789665287e-14
1038,1039,5.46104413607e-19
1039,1040,4.86613449752e-14
1040,1041,2.03214529731e-18
1041,1042,2.08051691955e-14
1042,1043,2.08544638567e-11
1043,1044,9.93243070721e-18
1044,1045,2.26909095651e-21
1045,1046,1.02445820757e-12
1046,1047,4.24661302501e-18
1047,1048,1.67714798537e-10
1048,1049,3.8031682527e-15
1049,1050,1.46362548844e-14
1050,1051,2.90329037472e-20
1051,1052,5.46104413607e-19
1052,1053,2.33487067184e-19
1053,1054,9.93243070721e-18
1054,1055,3.33578881232e-21
1055,1056,2.97944070567e-13
1056,1057,2.03214529731e-18
1057,1058,1.62989812363e-12
1058,1059,1.13814334916e-13
1059,1060,8.68844187558e-19
1060,1061,6.96863316271e-13
1061,1062,1.42239114122e-16
1062,1063,2.08544638567e-11
1063,1064,1.42576127916e-13
1064,1065,2.99453350447e-15
1065,1066,2.60628019022e-14
1066,1067,3.33472228972e-13
1067,1068,1.27386055648e-13
1068,1069,1.03588738462e-18
1069,1070,1.24719158559e-14
1070,1071,2.08544638567e-11
1071,1072,1.98489830609e-22
1072,1073,6.09584561637e-14
1073,1074,4.752997797e-18
1074,1075,1.33212673114e-19
1075,1076,3.33472228972e-13
1076,1077,3.96645507097e-16
1077,1078,4.15770784728e-19
1078,1079,4.5681293202e-14
1079,1080,
1080,1081,1.5920033026e-16
1081,1082,3.8031682527e-15
1082,1083,7.7811672766e-16
1083,1084,4.14788008076e-22
1084,1085,6.79052466048e-20
1085,1086,4.89078462355e-16
1086,1087,6.98737828498e-18
1087,1088,5.44639372846e-14
1088,1089,2.97944070567e-13
1089,1090,2.32860688671e-14
1090,1091,3.35161482008e-15
1091,1092,1.14661909975e-12
1092,1093,1.01929481839e-10
1093,1094,1.3926126009e-17
1094,1095,1.69585877455e-16
1095,1096,9.95596408042e-15
1096,1097,
1097,1098,
1098,1099,4.25667472412e-15
1099,1100,1.74915535951e-11
1100,1101,1.111681733e-17
1101,1102,2.6838947919e-14
1102,1103,2.32860688671e-14
1103,1104,3.81217927732e-12
1104,1105,4.35799733211e-11
1105,1106,6.96863316271e-13
1106,1107,9.70150358448e-22
1107,1108,6.2261944186e-13
1108,1109,2.03214529731e-18
1109,1110,8.91633080111e-12
1110,1111,1.27386055648e-13
1111,1112,1.06844272523e-13
1112,1113,5.44639372846e-14
1113,1114,2.66201085048e-13
1114,1115,4.64249150322e-22
1115,1116,6.79052466048e-20
1116,1117,1.31179591741e-13
1117,1118,5.44639372846e-14
1118,1119,2.66201085048e-13
1119,1120,3.22372760724e-13
1120,1121,4.87766405763e-11
1121,1122,2.08051691955e-14
1122,1123,9.49799400615e-12
1123,1124,1.27386055648e-13
1124,1125,1.9531047377e-14
1125,1126,
1126,1127,2.03696015433e-15
1127,1128,8.7090278078e-16
1128,1129,8.7090278078e-16
1129,1130,1.52237033104e-10
1130,1131,7.96638419215e-12
1131,1132,
1132,1133,8.8952548573e-15
1133,1134,1.77342707907e-22
1134,1135,4.5681293202e-14
1135,1136,9.70150358448e-22
1136,1137,3.40602938697e-12
1137,1138,1.81564037201e-18
1138,1139,6.80661376856e-17
1139,1140,1.24130246504e-20
1140,1141,8.91633080111e-12
1141,1142,4.87766405763e-11
1142,1143,8.3505037818e-15
1143,1144,1.36706705e-12
1144,1145,1.62989812363e-12
1145,1146,1.9531047377e-14
1146,1147,5.43351983546e-17
1147,1148,3.32683985226e-16
1148,1149,7.02052855589e-12
1149,1150,2.27446721998e-18
1150,1151,1.28778751165e-19
1151,1152,5.57603548882e-10
1152,1153,6.52640630734e-16
1153,1154,
1154,1155,2.90329037472e-20
1155,1156,7.7811672766e-16
1156,1157,1.03588738462e-18
1157,1158,5.45929812387e-11
1158,1159,5.65035357988e-13
1159,1160,9.95596408042e-15
1160,1161,1.86326275808e-11
1161,1162,6.24094642872e-10
1162,1163,9.93243070721e-18
1163,1164,4.752997797e-18
1164,1165,4.25667472412e-15
1165,1166,6.95216108189e-16
1166,1167,1.82425432817e-12
1167,1168,5.84489830509e-13
1168,1169,3.81217927732e-12
1169,1170,
1170,1171,8.91633080111e-12
1171,1172,2.97944070567e-13
1172,1173,2.90329037472e-20
1173,1174,2.66201085048e-13
1174,1175,1.33212673114e-19
1175,1176,9.70150358448e-22
1176,1177,2.97944070567e-13
1177,1178,7.7811672766e-16
1178,1179,1.27386055648e-13
1179,1180,2.60011960508e-17
1180,1181,4.01932047279e-19
1181,1182,4.87766405763e-11
1182,1183,8.05347965563e-18
1183,1184,7.7811672766e-16
1184,1185,1.42239114122e-16
1185,1186,4.54510541458e-12
1186,1187,6.79052466048e-20
1187,1188,2.60011960508e-17
1188,1189,2.97944070567e-13
1189,1190,1.27084947331e-16
1190,1191,5.44639372846e-14
1191,1192,9.93243070721e-18
1192,1193,6.80661376856e-17
1193,1194,6.52640630734e-16
1194,1195,3.24181048575e-23
1195,1196,6.2261944186e-13
1196,1197,1.42576127916e-13
1197,1198,2.66831807674e-10
1198,1199,9.03516875652e-15
1199,1200,7.7811672766e-16
1200,1201,5.44639372846e-14
1201,1202,3.543868625e-16
1202,1203,1.57192329019e-15
1203,1204,4.25667472412e-15
1204,1205,1.36017687213e-10
1205,1206,3.71474531497e-19
1206,1207,1.22141961527e-12
1207,1208,7.7811672766e-16
1208,1209,1.35696175927e-13
1209,1210,2.48051521932e-14
1210,1211,7.96638419215e-12
1211,1212,1.52285722109e-18
1212,1213,1.0353273565e-10
1213,1214,2.03214529731e-18
1214,1215,1.42576127916e-13
1215,1216,2.90329037472e-20
1216,1217,2.60628019022e-14
1217,1218,6.47816344087e-17
1218,1219,1.27386055648e-13
1219,1220,3.32683985226e-16
1220,1221,5.44639372846e-14
1221,1222,1.10026077643e-13
1222,1223,3.32683985226e-16
1223,1224,3.24949145915e-20
1224,1225,8.3505037818e-15
1225,1226,7.00393380757e-15
1226,1227,9.72448981124e-19
1227,1228,1.82425432817e-12
1228,1229,8.7090278078e-16
1229,1230,6.96863316271e-13
1230,1231,4.35799733211e-11
1231,1232,2.34040279027e-16
1232,1233,3.99599325167e-15
1233,1234,3.98654773743e-18
1234,1235,2.60628019022e-14
1235,1236,3.8031682527e-15
1236,1237,9.62458444042e-15
1237,1238,3.81217927732e-12
1238,1239,7.7811672766e-16
1239,1240,2.60011960508e-17
1240,1241,4.54675208527e-31
1241,1242,1.42239114122e-16
1242,1243,4.25667472412e-15
1243,1244,9.95596408042e-15
1244,1245,4.25667472412e-15
1245,1246,1.4077780852e-12
1246,1247,2.97239806374e-16
1247,1248,1.111681733e-17
1248,1249,2.97944070567e-13
1249,1250,2.60628019022e-14
1250,1251,2.66831807674e-10
1251,1252,5.07505915365e-15
1252,1253,4.87766405763e-11
1253,1254,4.26676026286e-12
1254,1255,4.12474312937e-12
1255,1256,7.7811672766e-16
1256,1257,1.14084000536e-10
1257,1258,2.60011960508e-17
1258,1259,6.77447358297e-23
1259,1260,1.62989812363e-12
1260,1261,5.07505915365e-15
1261,1262,6.09584561637e-14
1262,1263,7.96638419215e-12
1263,1264,2.19876263502e-18
1264,1265,1.63375991492e-09
1265,1266,2.68183483843e-12
1266,1267,6.96863316271e-13
1267,1268,3.41409944025e-09
1268,1269,3.31897604689e-19
1269,1270,6.96863316271e-13
1270,1271,
1271,1272,6.08143658388e-17
1272,1273,2.79697785836e-13
1273,1274,1.19302184178e-16
1274,1275,4.26676026286e-12
1275,1276,3.41409944025e-09
1276,1277,8.68844187558e-19
1277,1278,2.60011960508e-17
1278,1279,7.30464363444e-16
1279,1280,1.95773232018e-11
1280,1281,1.5882402107e-19
1281,1282,3.65524352129e-11
1282,1283,2.27985622168e-15
1283,1284,3.95494007594e-11
1284,1285,2.79697785836e-13
1285,1286,4.25667472412e-15
1286,1287,6.25773412989e-15
1287,1288,2.08544638567e-11
1288,1289,1.46362548844e-14
1289,1290,1.66482127472e-22
1290,1291,6.24094642872e-10
1291,1292,1.62989812363e-12
1292,1293,3.32683985226e-16
1293,1294,1.9531047377e-14
1294,1295,9.95596408042e-15
1295,1296,1.33528300139e-16
1296,1297,2.08051691955e-14
1297,1298,1.77342707907e-22
1298,1299,1.62989812363e-12
1299,1300,1.38932081802e-20
1300,1301,2.97944070567e-13
1301,1302,6.82274099731e-14
1302,1303,6.52640630734e-16
1303,1304,2.09105608658e-16
1304,1305,1.3041825508e-09
1305,1306,2.97944070567e-13
1306,1307,6.51097953861e-19
1307,1308,2.26909095651e-21
1308,1309,4.87766405763e-11
1309,1310,2.97944070567e-13
1310,1311,2.66831807674e-10
1311,1312,1.42239114122e-16
1312,1313,3.32683985226e-16
1313,1314,1.111681733e-17
1314,1315,3.32683985226e-16
1315,1316,1.82425432817e-12
1316,1317,6.80661376856e-17
1317,1318,1.70848783048e-15
1318,1319,2.90329037472e-20
1319,1320,3.81217927732e-12
1320,1321,1.27386055648e-13
1321,1322,6.80661376856e-17
1322,1323,7.7811672766e-16
1323,1324,1.27084947331e-16
1324,1325,2.83425632382e-16
1325,1326,2.97944070567e-13
1326,1327,2.60628019022e-14
1327,1328,4.94534775063e-22
1328,1329,4.46192118331e-18
1329,1330,8.8952548573e-15
1330,1331,7.80209805723e-21
1331,1332,1.11431569259e-14
1332,1333,2.43511698696e-20
1333,1334,2.97944070567e-13
1334,1335,9.32416232178e-18
1335,1336,1.27084947331e-16
1336,1337,
1337,1338,1.9531047377e-14
1338,1339,3.31897604689e-19
1339,1340,9.95596408042e-15
1340,1341,2.88709576678e-10
1341,1342,9.72448981124e-19
1342,1343,1.15941114202e-18
1343,1344,1.78606256116e-13
1344,1345,9.72448981124e-19
1345,1346,5.44639372846e-14
1346,1347,6.95216108189e-16
1347,1348,1.11431569259e-14
1348,1349,4.35799733211e-11
1349,1350,2.03696015433e-15
1350,1351,1.24130246504e-20
1351,1352,1.5882402107e-19
1352,1353,
1353,1354,4.87766405763e-11
1354,1355,1.86326275808e-11
1355,1356,1.62989812363e-12
1356,1357,1.26077344043e-09
1357,1358,1.3041825508e-09
1358,1359,9.95596408042e-15
1359,1360,8.91633080111e-12
1360,1361,3.41409944025e-09
1361,1362,1.01929481839e-10
1362,1363,5.10076761851e-17
1363,1364,3.33472228972e-13
1364,1365,6.08143658388e-17
1365,1366,2.08544638567e-11
1366,1367,6.51097953861e-19
1367,1368,1.27386055648e-13
1368,1369,4.16755889919e-16
1369,1370,2.59397358199e-20
1370,1371,3.25719063144e-17
1371,1372,5.43351983546e-17
1372,1373,1.27386055648e-13
1373,1374,4.86613449752e-14
1374,1375,5.10076761851e-17
1375,1376,1.42239114122e-16
1376,1377,4.26676026286e-12
1377,1378,6.54186962743e-13
1378,1379,1.13814334916e-13
1379,1380,9.95596408042e-15
1380,1381,3.57025980553e-15
1381,1382,9.95596408042e-15
1382,1383,1.5882402107e-19
1383,1384,2.60628019022e-14
1384,1385,6.79052466048e-20
1385,1386,4.76425929726e-15
1386,1387,
1387,1388,6.54186962743e-13
1388,1389,1.41902896943e-19
1389,1390,1.52285722109e-18
1390,1391,9.97955321226e-12
1391,1392,2.1808343642e-17
1392,1393,6.80661376856e-17
1393,1394,1.73622569128e-12
1394,1395,4.87766405763e-11
1395,1396,5.13054412878e-21
1396,1397,1.69987685217e-13
1397,1398,1.4077780852e-12
1398,1399,6.96863316271e-13
1399,1400,8.91633080111e-12
1400,1401,
1401,1402,2.08051691955e-14
1402,1403,
1403,1404,1.42576127916e-13
1404,1405,3.71474531497e-19
1405,1406,4.25667472412e-15
1406,1407,1.22141961527e-12
1407,1408,4.55587432495e-09
1408,1409,3.57025980553e-15
1409,1410,8.48643725632e-23
1410,1411,8.48643725632e-23
1411,1412,9.67857169132e-25
1412,1413,2.44088662367e-17
1413,1414,4.5681293202e-14
1414,1415,9.95596408042e-15
1415,1416,1.21526351753e-10
1416,1417,7.98525925559e-09
1417,1418,1.46362548844e-14
1418,1419,5.43351983546e-17
1419,1420,1.89359383601e-19
1420,1421,2.66201085048e-13
1421,1422,1.01929481839e-10
1422,1423,1.42576127916e-13
1423,1424,1.86326275808e-11
1424,1425,5.44639372846e-14
1425,1426,4.752997797e-18
1426,1427,7.7811672766e-16
1427,1428,9.74753050035e-16
1428,1429,4.54510541458e-12
1429,1430,9.54610750359e-14
1430,1431,1.9531047377e-14
1431,1432,9.95596408042e-15
1432,1433,7.30464363444e-16
1433,1434,2.77630273901e-14
1434,1435,2.27446721998e-18
1435,1436,2.38403525182e-10
1436,1437,1.52285722109e-18
1437,1438,4.76425929726e-15
1438,1439,4.87766405763e-11
1439,1440,5.45929812387e-11
1440,1441,3.72354683501e-16
1441,1442,7.28737731011e-19
1442,1443,4.89078462355e-16
1443,1444,1.02445820757e-12
1444,1445,4.46192118331e-18
1445,1446,1.9531047377e-14
1446,1447,1.5882402107e-19
1447,1448,1.82425432817e-12
1448,1449,5.84489830509e-13
1449,1450,2.97944070567e-13
1450,1451,3.57025980553e-15
1451,1452,6.54186962743e-13
1452,1453,3.37118038365e-19
1453,1454,5.10076761851e-17
1454,1455,1.81994225377e-15
1455,1456,1.2442435411e-17
1456,1457,2.60011960508e-17
1457,1458,6.08143658388e-17
1458,1459,6.96863316271e-13
1459,1460,7.4608404295e-15
1460,1461,5.44639372846e-14
1461,1462,2.32860688671e-14
1462,1463,1.48745108067e-22
1463,1464,2.50763437618e-20
1464,1465,2.03696015433e-15
1465,1466,2.60011960508e-17
1466,1467,6.51097953861e-19
1467,1468,1.57938097509e-09
1468,1469,6.09584561637e-14
1469,1470,2.60011960508e-17
1470,1471,5.66374122402e-10
1471,1472,1.1958485243e-13
1472,1473,2.53966731934e-21
1473,1474,1.07467992288e-17
1474,1475,2.97944070567e-13
1475,1476,5.68023147738e-15
1476,1477,3.70596459949e-22
1477,1478,1.5920033026e-16
1478,1479,8.68844187558e-19
1479,1480,1.27386055648e-13
1480,1481,9.70150358448e-22
1481,1482,5.44639372846e-14
1482,1483,2.60011960508e-17
1483,1484,2.41580996793e-13
1484,1485,4.5681293202e-14
1485,1486,5.30719153387e-21
1486,1487,1.42239114122e-16
1487,1488,4.5681293202e-14
1488,1489,1.42239114122e-16
1489,1490,3.33472228972e-13
1490,1491,2.03214529731e-18
1491,1492,1.82425432817e-12
1492,1493,9.32416232178e-18
1493,1494,2.97944070567e-13
1494,1495,7.7811672766e-16
1495,1496,9.40081468477e-19
1496,1497,9.56872554223e-11
1497,1498,2.57340705579e-13
1498,1499,1.81994225377e-15
1499,1500,2.0903874878e-08
1500,1501,8.91633080111e-12
1501,1502,2.03214529731e-18
1502,1503,6.08143658388e-17
1503,1504,5.10076761851e-17
1504,1505,1.13814334916e-13
1505,1506,6.52640630734e-16
1506,1507,4.87766405763e-11
1507,1508,1.14084000536e-10
1508,1509,2.23803541393e-10
1509,1510,1.9995949389e-10
1510,1511,1.62989812363e-12
1511,1512,1.69585877455e-16
1512,1513,1.52285722109e-18
1513,1514,
1514,1515,1.02445820757e-12
1515,1516,1.13814334916e-13
1516,1517,6.79052466048e-20
1517,1518,4.25667472412e-15
1518,1519,8.68844187558e-19
1519,1520,1.9531047377e-14
1520,1521,2.11438456407e-22
1521,1522,9.95596408042e-15
1522,1523,1.9531047377e-14
1523,1524,1.37504751277e-16
1524,1525,3.10835506771e-22
1525,1526,1.62989812363e-12
1526,1527,8.39925112342e-19
1527,1528,2.97944070567e-13
1528,1529,2.1808343642e-17
1529,1530,1.62989812363e-12
1530,1531,4.25667472412e-15
1531,1532,3.29266128088e-12
1532,1533,1.32541265675e-17
1533,1534,9.95596408042e-15
1534,1535,8.7090278078e-16
1535,1536,4.87766405763e-11
1536,1537,2.91016927657e-17
1537,1538,1.89808041656e-16
1538,1539,4.65349117575e-19
1539,1540,4.94267416531e-14
1540,1541,1.42239114122e-16
1541,1542,2.26909095651e-21
1542,1543,6.52640630734e-16
1543,1544,2.57340705579e-13
1544,1545,1.37504751277e-16
1545,1546,2.32310265081e-17
1546,1547,2.49898760977e-13
1547,1548,2.66201085048e-13
1548,1549,7.76277457128e-19
1549,1550,4.60568313949e-15
1550,1551,1.22141961527e-12
1551,1552,9.34625449622e-15
1552,1553,1.11431569259e-14
1553,1554,2.91706447692e-14
1554,1555,8.73245446655e-21
1555,1556,4.08144045077e-14
1556,1557,8.66790460329e-22
1557,1558,6.47816344087e-17
1558,1559,3.01915105843e-16
1559,1560,2.66201085048e-13
1560,1561,3.8031682527e-15
1561,1562,6.49351245688e-14
1562,1563,8.7090278078e-16
1563,1564,9.40081468477e-19
1564,1565,1.06305764903e-11
1565,1566,2.334124164e-11
1566,1567,2.49898760977e-13
1567,1568,4.752997797e-18
1568,1569,5.07505915365e-15
1569,1570,2.23274526651e-13
1570,1571,2.32860688671e-14
1571,1572,7.7811672766e-16
1572,1573,4.752997797e-18
1573,1574,1.53901421214e-16
1574,1575,1.7044493987e-18
1575,1576,5.10076761851e-17
1576,1577,6.24094642872e-10
1577,1578,4.10526648297e-18
1578,1579,5.70900553241e-17
1579,1580,1.38932081802e-20
1580,1581,2.08051691955e-14
1581,1582,1.04113482581e-20
1582,1583,4.26676026286e-12
1583,1584,1.41111359775e-09
1584,1585,9.95596408042e-15
1585,1586,7.98525925559e-09
1586,1587,1.54764701566e-26
1587,1588,8.07256114212e-15
1588,1589,4.87766405763e-11
1589,1590,1.27386055648e-13
1590,1591,4.87766405763e-11
1591,1592,5.1128531061e-14
1592,1593,6.80661376856e-17
1593,1594,1.23146069955e-13
1594,1595,6.98737828498e-18
1595,1596,2.334124164e-11
1596,1597,1.42576127916e-13
1597,1598,1.1958485243e-13
1598,1599,8.73245446655e-21
1599,1600,6.79052466048e-20
1600,1601,1.111681733e-17
1601,1602,2.08544638567e-11
1602,1603,5.45929812387e-11
1603,1604,1.22141961527e-12
1604,1605,7.7012267946e-12
1605,1606,2.60011960508e-17
1606,1607,4.74176291606e-21
1607,1608,1.33528300139e-16
1608,1609,3.68529266078e-12
1609,1610,6.35960050407e-23
1610,1611,9.93243070721e-18
1611,1612,2.66201085048e-13
1612,1613,3.32683985226e-16
1613,1614,1.45969900092e-09
1614,1615,7.30464363444e-16
1615,1616,1.24130246504e-20
1616,1617,5.22218236413e-13
1617,1618,1.38932081802e-20
1618,1619,1.27386055648e-13
1619,1620,1.27687877379e-10
1620,1621,3.81217927732e-12
1621,1622,1.53008212397e-12
1622,1623,2.97944070567e-13
1623,1624,5.94004434125e-21
1624,1625,1.33528300139e-16
1625,1626,
1626,1627,2.59397358199e-20
1627,1628,2.08051691955e-14
1628,1629,9.95596408042e-15
1629,1630,2.44088662367e-17
1630,1631,9.32416232178e-18
1631,1632,1.111681733e-17
1632,1633,1.03588738462e-18
1633,1634,7.7811672766e-16
1634,1635,2.03214529731e-18
1635,1636,2.97944070567e-13
1636,1637,2.97944070567e-13
1637,1638,4.35799733211e-11
1638,1639,1.81994225377e-15
1639,1640,6.2261944186e-13
1640,1641,1.111681733e-17
1641,1642,2.90329037472e-20
1642,1643,2.42858426985e-15
1643,1644,1.81994225377e-15
1644,1645,2.03696015433e-15
1645,1646,4.25667472412e-15
1646,1647,6.96863316271e-13
1647,1648,1.52646539802e-15
1648,1649,1.24130246504e-20
1649,1650,4.86613449752e-14
1650,1651,1.70848783048e-15
1651,1652,4.54510541458e-12
1652,1653,3.48725194485e-19
1653,1654,1.111681733e-17
1654,1655,
1655,1656,1.42239114122e-16
1656,1657,3.32683985226e-16
1657,1658,4.14788008076e-22
1658,1659,1.27386055648e-13
1659,1660,1.14084000536e-10
1660,1661,7.7811672766e-16
1661,1662,7.53999737891e-13
1662,1663,1.74502080004e-14
1663,1664,3.32683985226e-16
1664,1665,2.11438456407e-22
1665,1666,1.5882402107e-19
1666,1667,2.1808343642e-17
1667,1668,6.54186962743e-13
1668,1669,6.32754737436e-21
1669,1670,3.8031682527e-15
1670,1671,8.7090278078e-16
1671,1672,9.62458444042e-15
1672,1673,6.96863316271e-13
1673,1674,5.44639372846e-14
1674,1675,1.14084000536e-10
1675,1676,1.74915535951e-11
1676,1677,1.46362548844e-14
1677,1678,1.52646539802e-15
1678,1679,1.81994225377e-15
1679,1680,3.10001624685e-17
1680,1681,3.72354683501e-16
1681,1682,5.06306300137e-18
1682,1683,4.54510541458e-12
1683,1684,3.29266128088e-12
1684,1685,4.35799733211e-11
1685,1686,8.13707660221e-22
1686,1687,4.25667472412e-15
1687,1688,1.06844272523e-13
1688,1689,2.98650003317e-10
1689,1690,5.06306300137e-18
1690,1691,7.7811672766e-16
1691,1692,3.29266128088e-12
1692,1693,2.97944070567e-13
1693,1694,1.06305764903e-11
1694,1695,5.44639372846e-14
1695,1696,
1696,1697,1.35696175927e-13
1697,1698,4.752997797e-18
1698,1699,1.5882402107e-19
1699,1700,1.38932081802e-20
1700,1701,2.97944070567e-13
1701,1702,6.30917790483e-16
1702,1703,9.95596408042e-15
1703,1704,7.79960356062e-13
1704,1705,2.27446721998e-18
1705,1706,6.52640630734e-16
1706,1707,
1707,1708,5.45929812387e-11
1708,1709,3.24949145915e-20
1709,1710,5.1128531061e-14
1710,1711,7.30464363444e-16
1711,1712,2.23803541393e-10
1712,1713,8.30841626691e-13
1713,1714,8.91633080111e-12
1714,1715,1.24130246504e-20
1715,1716,4.25667472412e-15
1716,1717,4.70416747102e-14
1717,1718,1.51877183404e-13
1718,1719,
1719,1720,1.24130246504e-20
1720,1721,6.09584561637e-14
1721,1722,4.11499328309e-15
1722,1723,3.31897604689e-19
1723,1724,1.81994225377e-15
1724,1725,9.95596408042e-15
1725,1726,8.61955487192e-12
1726,1727,6.08143658388e-17
1727,1728,1.86767743894e-08
1728,1729,1.5882402107e-19
1729,1730,6.73668544472e-13
1730,1731,2.334124164e-11
1731,1732,1.24719158559e-14
1732,1733,8.68844187558e-19
1733,1734,6.2261944186e-13
1734,1735,5.26511304298e-14
1735,1736,1.36706705e-12
1736,1737,4.08144045077e-14
1737,1738,2.38403525182e-10
1738,1739,6.96863316271e-13
1739,1740,3.81217927732e-12
1740,1741,3.32683985226e-16
1741,1742,3.24181048575e-23
1742,1743,1.13814334916e-13
1743,1744,1.10905399942e-20
1744,1745,1.24130246504e-20
1745,1746,1.27084947331e-16
1746,1747,3.8031682527e-15
1747,1748,2.66201085048e-13
1748,1749,5.44639372846e-14
1749,1750,1.01929481839e-10
1750,1751,1.86326275808e-11
1751,1752,1.14084000536e-10
1752,1753,3.82243376556e-17
1753,1754,2.32860688671e-14
1754,1755,1.42576127916e-13
1755,1756,4.25667472412e-15
1756,1757,6.08143658388e-17
1757,1758,1.78663378596e-21
1758,1759,2.60011960508e-17
1759,1760,1.42239114122e-16
1760,1761,3.31897604689e-19
1761,1762,4.752997797e-18
1762,1763,1.45969900092e-09
1763,1764,9.97955321226e-12
1764,1765,1.81994225377e-15
1765,1766,4.46192118331e-18
1766,1767,1.70848783048e-15
1767,1768,4.25667472412e-15
1768,1769,2.08051691955e-14
1769,1770,2.97239806374e-16
1770,1771,4.08144045077e-14
1771,1772,3.55226527889e-13
1772,1773,2.03696015433e-15
1773,1774,1.7165934191e-09
1774,1775,1.111681733e-17
1775,1776,8.3505037818e-15
1776,1777,4.5681293202e-14
1777,1778,8.33076530942e-18
1778,1779,3.40602938697e-12
1779,1780,1.4077780852e-12
1780,1781,4.26676026286e-12
1781,1782,4.86613449752e-14
1782,1783,8.30841626691e-13
1783,1784,1.81564037201e-18
1784,1785,3.81217927732e-12
1785,1786,9.10737732319e-22
1786,1787,1.77342707907e-22
1787,1788,8.91633080111e-12
1788,1789,4.752997797e-18
1789,1790,2.26909095651e-21
1790,1791,2.97944070567e-13
1791,1792,
1792,1793,1.9531047377e-14
1793,1794,2.66831807674e-10
1794,1795,1.42239114122e-16
1795,1796,3.40602938697e-12
1796,1797,1.27386055648e-13
1797,1798,1.13814334916e-13
1798,1799,9.95596408042e-15
1799,1800,4.25667472412e-15
1800,1801,8.39925112342e-19
1801,1802,2.79036651231e-16
1802,1803,8.66790460329e-22
1803,1804,3.8031682527e-15
1804,1805,3.81217927732e-12
1805,1806,
1806,1807,2.97944070567e-13
1807,1808,5.44639372846e-14
1808,1809,2.61245537186e-11
1809,1810,1.7776289429e-19
1810,1811,8.68844187558e-19
1811,1812,4.70416747102e-14
1812,1813,6.73668544472e-13
1813,1814,7.06151196398e-16
1814,1815,1.111681733e-17
1815,1816,7.28737731011e-19
1816,1817,5.43351983546e-17
1817,1818,5.3197661113e-18
1818,1819,
1819,1820,3.72354683501e-16
1820,1821,6.08143658388e-17
1821,1822,1.00063974931e-16
1822,1823,1.1958485243e-13
1823,1824,4.25667472412e-15
1824,1825,5.44639372846e-14
1825,1826,6.68175585876e-12
1826,1827,2.66201085048e-13
1827,1828,6.79052466048e-20
1828,1829,2.88027140569e-13
1829,1830,4.752997797e-18
1830,1831,7.47851774807e-12
1831,1832,8.68844187558e-19
1832,1833,1.86326275808e-11
1833,1834,5.44639372846e-14
1834,1835,1.52237033104e-10
1835,1836,2.32860688671e-14
1836,1837,
1837,1838,2.97239806374e-16
1838,1839,2.03214529731e-18
1839,1840,3.22372760724e-13
1840,1841,1.5628002052e-11
1841,1842,3.98654773743e-18
1842,1843,1.42576127916e-13
1843,1844,1.13814334916e-13
1844,1845,2.97944070567e-13
1845,1846,3.48725194485e-19
1846,1847,1.42239114122e-16
1847,1848,4.74176291606e-21
1848,1849,8.3505037818e-15
1849,1850,2.27446721998e-18
1850,1851,
1851,1852,9.95596408042e-15
1852,1853,2.7697402637e-17
1853,1854,1.27084947331e-16
1854,1855,
1855,1856,2.23803541393e-10
1856,1857,3.71474531497e-19
1857,1858,5.47398324369e-16
1858,1859,
1859,1860,1.42239114122e-16
1860,1861,2.32860688671e-14
1861,1862,4.25667472412e-15
1862,1863,9.70150358448e-22
1863,1864,2.7254910222e-20
1864,1865,1.14084000536e-10
1865,1866,1.82425432817e-12
1866,1867,6.54186962743e-13
1867,1868,2.03214529731e-18
1868,1869,1.70848783048e-15
1869,1870,4.76425929726e-15
1870,1871,7.02052855589e-12
1871,1872,8.91633080111e-12
1872,1873,1.10905399942e-20
1873,1874,3.01915105843e-16
1874,1875,9.72448981124e-19
1875,1876,9.70150358448e-22
1876,1877,1.10905399942e-20
1877,1878,4.25667472412e-15
1878,1879,1.42959647451e-18
1879,1880,1.03588738462e-18
1880,1881,3.71474531497e-19
1881,1882,7.7811672766e-16
1882,1883,4.752997797e-18
1883,1884,1.13814334916e-13
1884,1885,1.58448601378e-22
1885,1886,1.05746598716e-09
1886,1887,8.8952548573e-15
1887,1888,2.08051691955e-14
1888,1889,3.25719063144e-17
1889,1890,8.68844187558e-19
1890,1891,3.26490804574e-14
1891,1892,7.28737731011e-19
1892,1893,6.96863316271e-13
1893,1894,7.4608404295e-15
1894,1895,2.66831807674e-10
1895,1896,1.82425432817e-12
1896,1897,2.03696015433e-15
1897,1898,4.76425929726e-15
1898,1899,8.7090278078e-16
1899,1900,1.62989812363e-12
1900,1901,2.03214529731e-18
1901,1902,1.35696175927e-13
1902,1903,2.32860688671e-14
1903,1904,1.13814334916e-13
1904,1905,2.91706447692e-14
1905,1906,3.22372760724e-13
1906,1907,4.15770784728e-19
1907,1908,1.45969900092e-09
1908,1909,1.19302184178e-16
1909,1910,1.111681733e-17
1910,1911,7.80209805723e-21
1911,1912,3.81217927732e-12
1912,1913,3.32683985226e-16
1913,1914,2.18600151719e-14
1914,1915,9.95596408042e-15
1915,1916,7.30464363444e-16
1916,1917,2.79036651231e-16
1917,1918,3.12310205986e-16
1918,1919,7.25064807688e-17
1919,1920,8.91633080111e-12
1920,1921,1.81994225377e-15
1921,1922,1.33528300139e-16
1922,1923,3.05036100923e-09
1923,1924,1.5882402107e-19
1924,1925,3.10001624685e-17
1925,1926,2.60011960508e-17
1926,1927,3.74240901377e-18
1927,1928,1.41902896943e-19
1928,1929,3.99599325167e-15
1929,1930,3.71474531497e-19
1930,1931,1.86767743894e-08
1931,1932,3.57025980553e-15
1932,1933,1.5882402107e-19
1933,1934,1.42239114122e-16
1934,1935,
1935,1936,1.14084000536e-10
1936,1937,1.32541265675e-17
1937,1938,4.25667472412e-15
1938,1939,3.34369245296e-18
1939,1940,2.1647137465e-18
1940,1941,1.24130246504e-20
1941,1942,1.81994225377e-15
1942,1943,3.81217927732e-12
1943,1944,5.66680485127e-18
1944,1945,1.62989812363e-12
1945,1946,4.87766405763e-11
1946,1947,8.3505037818e-15
1947,1948,8.3505037818e-15
1948,1949,7.96638419215e-12
1949,1950,2.44088662367e-17
1950,1951,2.32860688671e-14
1951,1952,5.44639372846e-14
1952,1953,7.83911360928e-15
1953,1954,2.97944070567e-13
1954,1955,
1955,1956,5.26511304298e-14
1956,1957,1.36017687213e-10
1957,1958,2.97944070567e-13
1958,1959,2.7837707938e-19
1959,1960,2.03214529731e-18
1960,1961,1.13814334916e-13
1961,1962,4.27823754127e-17
1962,1963,6.95216108189e-16
1963,1964,4.39045132529e-10
1964,1965,
1965,1966,3.70596459949e-22
1966,1967,6.09584561637e-14
1967,1968,9.95596408042e-15
1968,1969,2.32860688671e-14
1969,1970,2.97944070567e-13
1970,1971,2.60628019022e-14
1971,1972,5.62187513723e-11
1972,1973,4.15770784728e-19
1973,1974,6.2261944186e-13
1974,1975,1.57938097509e-09
1975,1976,6.06706161069e-20
1976,1977,4.26676026286e-12
1977,1978,2.60011960508e-17
1978,1979,3.81217927732e-12
1979,1980,1.5920033026e-16
1980,1981,1.27084947331e-16
1981,1982,3.32683985226e-16
1982,1983,8.37028902139e-12
1983,1984,4.87766405763e-11
1984,1985,1.42576127916e-13
1985,1986,8.91633080111e-12
1986,1987,1.89359383601e-19
1987,1988,9.95596408042e-15
1988,1989,1.57564772165e-12
1989,1990,3.32683985226e-16
1990,1991,1.13814334916e-13
1991,1992,7.7811672766e-16
1992,1993,6.98514426673e-10
1993,1994,9.95596408042e-15
1994,1995,4.25667472412e-15
1995,1996,1.62989812363e-12
1996,1997,1.7776289429e-19
1997,1998,3.8031682527e-15
1998,1999,6.08143658388e-17
1999,2000,9.70150358448e-22
2000,2001,7.28737731011e-19
2001,2002,7.58229154059e-23
2002,2003,5.08708372894e-12
2003,2004,1.24130246504e-20
2004,2005,1.111681733e-17
2005,2006,1.36706705e-12
2006,2007,2.66831807674e-10
2007,2008,7.42323692187e-13
2008,2009,1.81564037201e-18
2009,2010,4.38007341415e-13
2010,2011,1.81994225377e-15
2011,2012,2.97239806374e-16
2012,2013,9.95596408042e-15
2013,2014,1.02445820757e-12
2014,2015,8.61955487192e-12
2015,2016,2.08544638567e-11
2016,2017,4.86613449752e-14
2017,2018,3.24181048575e-23
2018,2019,1.82916144118e-17
2019,2020,4.87766405763e-11
2020,2021,7.47851774807e-12
2021,2022,2.97944070567e-13
2022,2023,1.10026077643e-13
2023,2024,
2024,2025,1.74915535951e-11
2025,2026,1.62989812363e-12
2026,2027,2.66201085048e-13
2027,2028,4.06086951393e-12
2028,2029,9.95596408042e-15
2029,2030,1.62989812363e-12
2030,2031,1.14084000536e-10
2031,2032,2.49898760977e-13
2032,2033,5.10076761851e-17
2033,2034,4.35799733211e-11
2034,2035,1.14661909975e-12
2035,2036,2.32310265081e-17
2036,2037,
2037,2038,1.52646539802e-15
2038,2039,6.08143658388e-17
2039,2040,3.71474531497e-19
2040,2041,6.2261944186e-13
2041,2042,6.96863316271e-13
2042,2043,6.52640630734e-16
2043,2044,2.18600151719e-14
2044,2045,
2045,2046,6.09584561637e-14
2046,2047,2.60011960508e-17
2047,2048,5.07505915365e-15
2048,2049,6.35960050407e-23
2049,2050,1.74502080004e-14
2050,2051,6.80661376856e-17
2051,2052,1.94848809361e-17
2052,2053,1.36706705e-12
2053,2054,1.13814334916e-13
2054,2055,4.76425929726e-15
2055,2056,1.82916144118e-17
2056,2057,1.27386055648e-13
2057,2058,5.07505915365e-15
2058,2059,1.52646539802e-15
2059,2060,3.32683985226e-16
2060,2061,2.61245537186e-11
2061,2062,2.08051691955e-14
2062,2063,1.21814275006e-07
2063,2064,3.41409944025e-09
2064,2065,1.5920033026e-16
2065,2066,2.03214529731e-18
2066,2067,2.03214529731e-18
2067,2068,1.119960424e-16
2068,2069,6.08143658388e-17
2069,2070,4.752997797e-18
2070,2071,4.87766405763e-11
2071,2072,1.24130246504e-20
2072,2073,1.62989812363e-12
2073,2074,1.13814334916e-13
2074,2075,4.25667472412e-15
2075,2076,6.49351245688e-14
2076,2077,3.68529266078e-12
2077,2078,1.52646539802e-15
2078,2079,2.97239806374e-16
2079,2080,1.33528300139e-16
2080,2081,1.19302184178e-16
2081,2082,1.81994225377e-15
2082,2083,2.97239806374e-16
2083,2084,7.58229154059e-23
2084,2085,2.32860688671e-14
2085,2086,2.60011960508e-17
2086,2087,1.74502080004e-14
2087,2088,3.10001624685e-17
2088,2089,
2089,2090,1.42239114122e-16
2090,2091,1.81994225377e-15
2091,2092,4.25667472412e-15
2092,2093,2.60628019022e-14
2093,2094,4.25667472412e-15
2094,2095,1.74915535951e-11
2095,2096,6.79052466048e-20
2096,2097,6.98737828498e-18
2097,2098,6.2261944186e-13
2098,2099,1.14661909975e-12
2099,2100,4.25667472412e-15
2100,2101,4.67686555163e-10
2101,2102,
2102,2103,3.09268859493e-20
2103,2104,8.68844187558e-19
2104,2105,1.03588738462e-18
2105,2106,2.97944070567e-13
2106,2107,2.49898760977e-13
2107,2108,3.41409944025e-09
2108,2109,1.81994225377e-15
2109,2110,4.08144045077e-14
2110,2111,1.32541265675e-17
2111,2112,1.52646539802e-15
2112,2113,6.2261944186e-13
2113,2114,6.84109368014e-19
2114,2115,3.96645507097e-16
2115,2116,1.81994225377e-15
2116,2117,1.81994225377e-15
2117,2118,8.3505037818e-15
2118,2119,2.60011960508e-17
2119,2120,3.21610753305e-16
2120,2121,2.59397358199e-20
2121,2122,8.8952548573e-15
2122,2123,4.08144045077e-14
2123,2124,1.27386055648e-13
2124,2125,3.87423574581e-20
2125,2126,1.19302184178e-16
2126,2127,2.57950434898e-10
2127,2128,2.1808343642e-17
2128,2129,7.76277457128e-19
2129,2130,1.5882402107e-19
2130,2131,2.34040279027e-16
2131,2132,4.0911107986e-11
2132,2133,1.45624864493e-12
2133,2134,2.66831807674e-10
2134,2135,3.71474531497e-19
2135,2136,4.26676026286e-12
2136,2137,2.60011960508e-17
2137,2138,2.26909095651e-21
2138,2139,7.96638419215e-12
2139,2140,4.76425929726e-15
2140,2141,9.40081468477e-19
2141,2142,2.99453350447e-15
2142,2143,5.44639372846e-14
2143,2144,8.3505037818e-15
2144,2145,3.11571983893e-19
2145,2146,
2146,2147,7.47851774807e-12
2147,2148,2.97944070567e-13
2148,2149,2.32860688671e-14
2149,2150,1.63815461432e-14
2150,2151,4.28837416983e-14
2151,2152,2.32860688671e-14
2152,2153,3.35955595802e-12
2153,2154,8.7090278078e-16
2154,2155,2.54568467205e-18
2155,2156,1.111681733e-17
2156,2157,2.23274526651e-13
2157,2158,8.68844187558e-19
2158,2159,7.11794717522e-23
2159,2160,7.7811672766e-16
2160,2161,1.15667058823e-21
2161,2162,4.5681293202e-14
2162,2163,4.86613449752e-14
2163,2164,4.86613449752e-14
2164,2165,5.46104413607e-19
2165,2166,1.4077780852e-12
2166,2167,6.52640630734e-16
2167,2168,1.62989812363e-12
2168,2169,9.74753050035e-16
2169,2170,1.62604545798e-15
2170,2171,7.7811672766e-16
2171,2172,6.96863316271e-13
2172,2173,4.752997797e-18
2173,2174,7.96638419215e-12
2174,2175,9.56872554223e-11
2175,2176,1.46822021899e-13
2176,2177,4.25667472412e-15
2177,2178,3.8031682527e-15
2178,2179,3.40602938697e-12
2179,2180,3.71474531497e-19
2180,2181,3.72354683501e-16
2181,2182,8.91633080111e-12
2182,2183,
2183,2184,1.86326275808e-11
2184,2185,4.9821757426e-21
2185,2186,3.32683985226e-16
2186,2187,3.57025980553e-15
2187,2188,1.41902896943e-19
2188,2189,4.87766405763e-11
2189,2190,5.94004434125e-21
2190,2191,2.32860688671e-14
2191,2192,
2192,2193,2.01126788025e-14
2193,2194,1.62989812363e-12
2194,2195,1.52646539802e-15
2195,2196,6.35960050407e-23
2196,2197,1.42576127916e-13
2197,2198,1.42239114122e-16
2198,2199,1.22141961527e-12
2199,2200,4.53436193852e-15
2200,2201,1.42239114122e-16
2201,2202,1.45624864493e-12
2202,2203,
2203,2204,1.98489830609e-22
2204,2205,1.62989812363e-12
2205,2206,4.15770784728e-19
2206,2207,8.68844187558e-19
2207,2208,9.49839727474e-23
2208,2209,1.9531047377e-14
2209,2210,2.32310265081e-17
2210,2211,7.96638419215e-12
2211,2212,1.94848809361e-17
2212,2213,1.22431358047e-09
2213,2214,1.81564037201e-18
2214,2215,9.70150358448e-22
2215,2216,1.81994225377e-15
2216,2217,2.04243943072e-20
2217,2218,3.40602938697e-12
2218,2219,6.09584561637e-14
2219,2220,6.79052466048e-20
2220,2221,5.44639372846e-14
2221,2222,3.68529266078e-12
2222,2223,3.34369245296e-18
2223,2224,7.7811672766e-16
2224,2225,6.96863316271e-13
2225,2226,6.49351245688e-14
2226,2227,1.62989812363e-12
2227,2228,8.11784261754e-25
2228,2229,9.95596408042e-15
2229,2230,5.10076761851e-17
2230,2231,1.82425432817e-12
2231,2232,1.39635862869e-22
2232,2233,2.97944070567e-13
2233,2234,7.7811672766e-16
2234,2235,2.66831807674e-10
2235,2236,2.48051521932e-14
2236,2237,2.08051691955e-14
2237,2238,2.66201085048e-13
2238,2239,9.77062578083e-13
2239,2240,2.08051691955e-14
2240,2241,2.03214529731e-18
2241,2242,1.06305764903e-11
2242,2243,1.04360163531e-17
2243,2244,2.32860688671e-14
2244,2245,4.87766405763e-11
2245,2246,1.69585877455e-16
2246,2247,3.03511570287e-18
2247,2248,2.26909095651e-21
2248,2249,4.25667472412e-15
2249,2250,2.97944070567e-13
2250,2251,7.96638419215e-12
2251,2252,3.32683985226e-16
2252,2253,2.90329037472e-20
2253,2254,1.62989812363e-12
2254,2255,2.08544638567e-11
2255,2256,7.58229154059e-23
2256,2257,5.84489830509e-13
2257,2258,8.13707660221e-22
2258,2259,3.05036100923e-09
2259,2260,1.07977853485e-11
2260,2261,4.87766405763e-11
2261,2262,7.7811672766e-16
2262,2263,8.8952548573e-15
2263,2264,2.60011960508e-17
2264,2265,
2265,2266,1.36706705e-12
2266,2267,5.30719153387e-21
2267,2268,6.06706161069e-20
2268,2269,2.32310265081e-17
2269,2270,4.15770784728e-19
2270,2271,2.57340705579e-13
2271,2272,2.08544638567e-11
2272,2273,5.84489830509e-13
2273,2274,8.91633080111e-12
2274,2275,2.66831807674e-10
2275,2276,9.32416232178e-18
2276,2277,2.90329037472e-20
2277,2278,6.68175585876e-12
2278,2279,1.14084000536e-10
2279,2280,9.54610750359e-14
2280,2281,1.59577531058e-13
2281,2282,4.86613449752e-14
2282,2283,1.52646539802e-15
2283,2284,1.62989812363e-12
2284,2285,5.23455552263e-10
2285,2286,4.25667472412e-15
2286,2287,4.25667472412e-15
2287,2288,4.11499328309e-15
2288,2289,2.54568467205e-18
2289,2290,2.42858426985e-15
2290,2291,1.51877183404e-13
2291,2292,3.33578881232e-21
2292,2293,1.27386055648e-13
2293,2294,6.52640630734e-16
2294,2295,4.93099093757e-17
2295,2296,1.90318611644e-21
2296,2297,3.81217927732e-12
2297,2298,3.81217927732e-12
2298,2299,2.44666993065e-14
2299,2300,1.111681733e-17
2300,2301,3.32683985226e-16
2301,2302,2.27985622168e-15
2302,2303,1.24130246504e-20
2303,2304,7.7811672766e-16
2304,2305,4.42893888682e-19
2305,2306,1.36706705e-12
2306,2307,1.74502080004e-14
2307,2308,8.3505037818e-15
2308,2309,9.95596408042e-15
2309,2310,1.111681733e-17
2310,2311,4.752997797e-18
2311,2312,1.42239114122e-16
2312,2313,1.1958485243e-13
2313,2314,3.24949145915e-20
2314,2315,1.14084000536e-10
2315,2316,3.96645507097e-16
2316,2317,5.84489830509e-13
2317,2318,4.25667472412e-15
2318,2319,1.19302184178e-16
2319,2320,2.97944070567e-13
2320,2321,1.04113482581e-20
2321,2322,2.97944070567e-13
2322,2323,1.62989812363e-12
2323,2324,1.27386055648e-13
2324,2325,1.42239114122e-16
2325,2326,3.32683985226e-16
2326,2327,1.5882402107e-19
2327,2328,1.62989812363e-12
2328,2329,1.62989812363e-12
2329,2330,2.66201085048e-13
2330,2331,8.8952548573e-15
2331,2332,1.14084000536e-10
2332,2333,5.22218236413e-13
2333,2334,3.41409944025e-09
2334,2335,5.60428172671e-12
2335,2336,7.28737731011e-19
2336,2337,1.07213965219e-20
2337,2338,5.04836444978e-13
2338,2339,2.90329037472e-20
2339,2340,3.32683985226e-16
2340,2341,6.79052466048e-20
2341,2342,1.9531047377e-14
2342,2343,4.08144045077e-14
2343,2344,1.7044493987e-18
2344,2345,2.08051691955e-14
2345,2346,2.32310265081e-17
2346,2347,3.46147435425e-20
2347,2348,
2348,2349,2.97944070567e-13
2349,2350,2.334124164e-11
2350,2351,3.71474531497e-19
2351,2352,7.58229154059e-23
2352,2353,2.08544638567e-11
2353,2354,5.1128531061e-14
2354,2355,1.27386055648e-13
2355,2356,2.03696015433e-15
2356,2357,7.96638419215e-12
2357,2358,2.03696015433e-15
2358,2359,2.03214529731e-18
2359,2360,4.25667472412e-15
2360,2361,1.81994225377e-15
2361,2362,5.26511304298e-14
2362,2363,2.26909095651e-21
2363,2364,9.32416232178e-18
2364,2365,3.74240901377e-18
2365,2366,1.7818407624e-16
2366,2367,1.9531047377e-14
2367,2368,1.19302184178e-16
2368,2369,4.752997797e-18
2369,2370,1.86326275808e-11
2370,2371,6.96863316271e-13
2371,2372,3.81217927732e-12
2372,2373,1.27386055648e-13
2373,2374,1.04360163531e-17
2374,2375,3.95707937749e-19
2375,2376,3.32683985226e-16
2376,2377,6.2261944186e-13
2377,2378,
2378,2379,2.66831807674e-10
2379,2380,3.31897604689e-19
2380,2381,2.17498381408e-12
2381,2382,1.46474971889e-16
2382,2383,1.81994225377e-15
2383,2384,2.03214529731e-18
2384,2385,
2385,2386,5.43351983546e-17
2386,2387,6.08143658388e-17
2387,2388,4.26676026286e-12
2388,2389,5.22218236413e-13
2389,2390,1.63815461432e-14
2390,2391,4.1358383919e-17
2391,2392,2.03696015433e-15
2392,2393,1.46709332483e-11
2393,2394,1.33212673114e-19
2394,2395,1.42239114122e-16
2395,2396,8.91633080111e-12
2396,2397,6.79052466048e-20
2397,2398,4.35799733211e-11
2398,2399,2.0273418214e-21
2399,2400,
2400,2401,1.14084000536e-10
2401,2402,6.08143658388e-17
2402,2403,3.98654773743e-18
2403,2404,2.38403525182e-10
2404,2405,8.91633080111e-12
2405,2406,2.03214529731e-18
2406,2407,3.8031682527e-15
2407,2408,2.23274526651e-13
2408,2409,8.91633080111e-12
2409,2410,6.79052466048e-20
2410,2411,7.7811672766e-16
2411,2412,1.2442435411e-17
2412,2413,2.26909095651e-21
2413,2414,1.14661909975e-12
2414,2415,1.22141961527e-12
2415,2416,8.91633080111e-12
2416,2417,1.33212673114e-19
2417,2418,1.48745108067e-22
2418,2419,5.3197661113e-18
2419,2420,7.81808352048e-10
2420,2421,6.80661376856e-17
2421,2422,
2422,2423,4.35799733211e-11
2423,2424,1.63815461432e-14
2424,2425,1.9531047377e-14
2425,2426,1.1958485243e-13
2426,2427,5.30719153387e-21
2427,2428,1.5882402107e-19
2428,2429,1.36383565033e-15
2429,2430,3.71474531497e-19
2430,2431,1.57564772165e-12
2431,2432,3.32683985226e-16
2432,2433,2.60011960508e-17
2433,2434,1.59628567705e-21
2434,2435,7.96638419215e-12
2435,2436,6.96863316271e-13
2436,2437,4.46192118331e-18
2437,2438,4.87766405763e-11
2438,2439,8.37028902139e-12
2439,2440,5.84489830509e-13
2440,2441,2.08544638567e-11
2441,2442,4.752997797e-18
2442,2443,4.77707481229e-20
2443,2444,6.96863316271e-13
2444,2445,2.7190486529e-23
2445,2446,9.72448981124e-19
2446,2447,6.54186962743e-13
2447,2448,1.69585877455e-16
2448,2449,1.33212673114e-19
2449,2450,7.96638419215e-12
2450,2451,3.56182061714e-18
2451,2452,1.7044493987e-18
2452,2453,2.86355495788e-09
2453,2454,
2454,2455,1.62989812363e-12
2455,2456,3.81217927732e-12
2456,2457,3.32683985226e-16
2457,2458,4.86613449752e-14
2458,2459,1.28031348607e-15
2459,2460,1.27386055648e-13
2460,2461,3.94559160114e-14
2461,2462,2.32860688671e-14
2462,2463,5.92600358345e-24
2463,2464,4.752997797e-18
2464,2465,1.42576127916e-13
2465,2466,2.97944070567e-13
2466,2467,1.111681733e-17
2467,2468,2.79697785836e-13
2468,2469,4.57895280271e-11
2469,2470,2.60011960508e-17
2470,2471,
2471,2472,9.95596408042e-15
2472,2473,3.24949145915e-20
2473,2474,1.74915535951e-11
2474,2475,7.7811672766e-16
2475,2476,3.68529266078e-12
2476,2477,1.2442435411e-17
2477,2478,4.76425929726e-15
2478,2479,1.62989812363e-12
2479,2480,1.111681733e-17
2480,2481,3.57025980553e-15
2481,2482,2.01603327139e-11
2482,2483,2.91016927657e-17
2483,2484,1.27386055648e-13
2484,2485,5.1128531061e-14
2485,2486,8.3505037818e-15
2486,2487,3.57025980553e-15
2487,2488,5.44639372846e-14
2488,2489,1.27386055648e-13
2489,2490,2.03214529731e-18
2490,2491,9.97955321226e-12
2491,2492,8.68844187558e-19
2492,2493,3.33472228972e-13
2493,2494,6.37466860336e-20
2494,2495,7.47851774807e-12
2495,2496,4.25667472412e-15
2496,2497,4.752997797e-18
2497,2498,1.81994225377e-15
2498,2499,7.7811672766e-16
2499,2500,2.79697785836e-13
2500,2501,1.250146615e-11
2501,2502,8.91633080111e-12
2502,2503,1.24130246504e-20
2503,2504,1.27386055648e-13
2504,2505,2.08544638567e-11
2505,2506,4.54510541458e-12
2506,2507,3.57025980553e-15
2507,2508,3.40602938697e-12
2508,2509,1.14084000536e-10
2509,2510,
2510,2511,7.26782737692e-14
2511,2512,1.2442435411e-17
2512,2513,5.70900553241e-17
2513,2514,8.33076530942e-18
2514,2515,3.71474531497e-19
2515,2516,6.96863316271e-13
2516,2517,1.81994225377e-15
2517,2518,3.40602938697e-12
2518,2519,1.77342707907e-22
2519,2520,1.62989812363e-12
2520,2521,1.111681733e-17
2521,2522,1.81994225377e-15
2522,2523,3.32683985226e-16
2523,2524,1.1173131217e-19
2524,2525,7.7811672766e-16
2525,2526,2.23274526651e-13
2526,2527,2.7837707938e-19
2527,2528,8.8952548573e-15
2528,2529,
2529,2530,8.91633080111e-12
2530,2531,2.66831807674e-10
2531,2532,5.30719153387e-21
2532,2533,9.25523858388e-19
2533,2534,6.96863316271e-13
2534,2535,2.60011960508e-17
2535,2536,2.66831807674e-10
2536,2537,2.08544638567e-11
2537,2538,4.752997797e-18
2538,2539,
2539,2540,1.27386055648e-13
2540,2541,1.111681733e-17
2541,2542,1.77342707907e-22
2542,2543,1.81994225377e-15
2543,2544,3.8031682527e-15
2544,2545,9.93243070721e-18
2545,2546,3.31897604689e-19
2546,2547,3.72354683501e-16
2547,2548,1.27386055648e-13
2548,2549,1.24130246504e-20
2549,2550,6.32754737436e-21
2550,2551,1.24719158559e-14
2551,2552,9.54610750359e-14
2552,2553,
2553,2554,5.43351983546e-17
2554,2555,6.98514426673e-10
2555,2556,1.7044493987e-18
2556,2557,8.3505037818e-15
2557,2558,4.76425929726e-15
2558,2559,4.90613816701e-15
2559,2560,3.57025980553e-15
2560,2561,4.25667472412e-15
2561,2562,7.7811672766e-16
2562,2563,1.5882402107e-19
2563,2564,5.44639372846e-14
2564,2565,2.32860688671e-14
2565,2566,1.24759046678e-22
2566,2567,2.01603327139e-11
2567,2568,1.27386055648e-13
2568,2569,1.36383565033e-15
2569,2570,3.32683985226e-16
2570,2571,6.49351245688e-14
2571,2572,6.73668544472e-13
2572,2573,3.31897604689e-19
2573,2574,5.43351983546e-17
2574,2575,8.30841626691e-13
2575,2576,4.60568313949e-15
2576,2577,1.82425432817e-12
2577,2578,
2578,2579,8.96149779732e-14
2579,2580,5.83108244838e-16
2580,2581,1.81994225377e-15
2581,2582,4.16755889919e-16
2582,2583,2.334124164e-11
2583,2584,4.15770784728e-19
2584,2585,1.77342707907e-22
2585,2586,1.14084000536e-10
2586,2587,3.40602938697e-12
2587,2588,2.26909095651e-21
2588,2589,1.27386055648e-13
2589,2590,8.68844187558e-19
2590,2591,1.42576127916e-13
2591,2592,4.87766405763e-11
2592,2593,2.49898760977e-13
2593,2594,1.36706705e-12
2594,2595,
2595,2596,8.7090278078e-16
2596,2597,1.5882402107e-19
2597,2598,2.60628019022e-14
2598,2599,2.32860688671e-14
2599,2600,3.8031682527e-15
2600,2601,2.49308063707e-16
2601,2602,1.10286767569e-10
2602,2603,
2603,2604,5.43351983546e-17
2604,2605,6.38977240421e-17
2605,2606,2.10824630535e-17
2606,2607,8.68844187558e-19
2607,2608,6.95216108189e-16
2608,2609,5.84489830509e-13
2609,2610,3.81217927732e-12
2610,2611,2.23274526651e-13
2611,2612,3.57025980553e-15
2612,2613,5.10076761851e-17
2613,2614,1.33212673114e-19
2614,2615,1.69093553583e-11
2615,2616,1.10905399942e-20
2616,2617,3.81217927732e-12
2617,2618,8.7090278078e-16
2618,2619,3.10001624685e-17
2619,2620,1.63375991492e-09
2620,2621,6.08143658388e-17
2621,2622,2.22149196941e-11
2622,2623,8.8952548573e-15
2623,2624,4.5681293202e-14
2624,2625,1.42239114122e-16
2625,2626,6.2261944186e-13
2626,2627,1.86326275808e-11
2627,2628,6.79052466048e-20
2628,2629,8.68844187558e-19
2629,2630,1.964506285e-18
2630,2631,1.07467992288e-17
2631,2632,1.4799541534e-20
2632,2633,2.49898760977e-13
2633,2634,9.95596408042e-15
2634,2635,1.04360163531e-17
2635,2636,3.72354683501e-16
2636,2637,2.08051691955e-14
2637,2638,3.24949145915e-20
2638,2639,7.60025661901e-20
2639,2640,3.32683985226e-16
2640,2641,6.3575672046e-15
2641,2642,8.33076530942e-18
2642,2643,4.87766405763e-11
2643,2644,6.2261944186e-13
2644,2645,1.62989812363e-12
2645,2646,8.54927274456e-11
2646,2647,1.42239114122e-16
2647,2648,2.03214529731e-18
2648,2649,4.76425929726e-15
2649,2650,2.69749045903e-16
2650,2651,2.32860688671e-14
2651,2652,6.2261944186e-13
2652,2653,4.15770784728e-19
2653,2654,1.27386055648e-13
2654,2655,1.14084000536e-10
2655,2656,2.91706447692e-14
2656,2657,7.4608404295e-15
2657,2658,2.32860688671e-14
2658,2659,7.47851774807e-12
2659,2660,1.42239114122e-16
2660,2661,8.8952548573e-15
2661,2662,5.3197661113e-18
2662,2663,
2663,2664,2.32860688671e-14
2664,2665,2.25110028809e-14
2665,2666,8.48643725632e-23
2666,2667,2.66201085048e-13
2667,2668,3.11571983893e-19
2668,2669,3.41409944025e-09
2669,2670,1.62604545798e-15
2670,2671,8.91633080111e-12
2671,2672,8.15635615887e-19
2672,2673,1.33844674994e-13
2673,2674,2.60011960508e-17
2674,2675,1.04113482581e-20
2675,2676,4.9821757426e-21
2676,2677,6.96863316271e-13
2677,2678,3.33472228972e-13
2678,2679,
2679,2680,1.18420308446e-17
2680,2681,2.7697402637e-17
2681,2682,1.10026077643e-13
2682,2683,3.56182061714e-18
2683,2684,1.69585877455e-16
2684,2685,5.66680485127e-18
2685,2686,9.27716745407e-16
2686,2687,1.52285722109e-18
2687,2688,6.2261944186e-13
2688,2689,3.32683985226e-16
2689,2690,3.68529266078e-12
2690,2691,2.91016927657e-17
2691,2692,6.54186962743e-13
2692,2693,9.72448981124e-19
2693,2694,3.40602938697e-12
2694,2695,4.7755474799e-12
2695,2696,3.99599325167e-15
2696,2697,9.32416232178e-18
2697,2698,3.8031682527e-15
2698,2699,2.60011960508e-17
2699,2700,7.76277457128e-19
2700,2701,1.5882402107e-19
2701,2702,2.60011960508e-17
2702,2703,3.81217927732e-12
2703,2704,1.5882402107e-19
2704,2705,9.70150358448e-22
2705,2706,6.08143658388e-17
2706,2707,4.24661302501e-18
2707,2708,2.7837707938e-19
2708,2709,2.0273418214e-21
2709,2710,2.60011960508e-17
2710,2711,
2711,2712,
2712,2713,8.68844187558e-19
2713,2714,4.14788008076e-22
2714,2715,2.90329037472e-20
2715,2716,1.53008212397e-12
2716,2717,4.0054611456e-12
2717,2718,1.36383565033e-15
2718,2719,4.25667472412e-15
2719,2720,1.36706705e-12
2720,2721,1.11431569259e-14
2721,2722,1.27386055648e-13
2722,2723,1.35696175927e-13
2723,2724,1.33844674994e-13
2724,2725,1.38932081802e-20
2725,2726,5.43351983546e-17
2726,2727,2.1647137465e-18
2727,2728,2.26909095651e-21
2728,2729,1.90318611644e-21
2729,2730,1.9531047377e-14
2730,2731,3.24181048575e-23
2731,2732,7.96638419215e-12
2732,2733,1.74915535951e-11
2733,2734,2.60011960508e-17
2734,2735,3.33472228972e-13
2735,2736,2.08544638567e-11
2736,2737,5.33237048227e-15
2737,2738,6.96863316271e-13
2738,2739,8.91633080111e-12
2739,2740,1.111681733e-17
2740,2741,2.38403525182e-10
2741,2742,1.9531047377e-14
2742,2743,7.28737731011e-19
2743,2744,
2744,2745,1.111681733e-17
2745,2746,6.98514426673e-10
2746,2747,3.96645507097e-16
2747,2748,3.10835506771e-22
2748,2749,1.2442435411e-17
2749,2750,9.49799400615e-12
2750,2751,2.79697785836e-13
2751,2752,6.0332194258e-10
2752,2753,1.04113482581e-20
2753,2754,1.27386055648e-13
2754,2755,6.96863316271e-13
2755,2756,7.47851774807e-12
2756,2757,
2757,2758,1.81994225377e-15
2758,2759,9.34625449622e-15
2759,2760,3.32683985226e-16
2760,2761,1.86767743894e-08
2761,2762,5.08871069795e-20
2762,2763,2.81330564393e-17
2763,2764,2.27985622168e-15
2764,2765,1.62989812363e-12
2765,2766,1.2442435411e-17
2766,2767,4.11499328309e-15
2767,2768,2.03214529731e-18
2768,2769,7.61826426294e-17
2769,2770,3.8031682527e-15
2770,2771,5.43351983546e-17
2771,2772,1.01929481839e-10
2772,2773,2.49898760977e-13
2773,2774,9.70150358448e-22
2774,2775,1.1958485243e-13
2775,2776,1.23146069955e-13
2776,2777,4.53436193852e-15
2777,2778,4.25667472412e-15
2778,2779,1.62989812363e-12
2779,2780,1.74915535951e-11
2780,2781,3.31897604689e-19
2781,2782,3.8938612616e-22
2782,2783,6.24094642872e-10
2783,2784,4.752997797e-18
2784,2785,3.72354683501e-16
2785,2786,1.81994225377e-15
2786,2787,5.57603548882e-10
2787,2788,2.66831807674e-10
2788,2789,4.35799733211e-11
2789,2790,2.08544638567e-11
2790,2791,1.38932081802e-20
2791,2792,3.8031682527e-15
2792,2793,5.70900553241e-17
2793,2794,1.111681733e-17
2794,2795,
2795,2796,9.95596408042e-15
2796,2797,1.14084000536e-10
2797,2798,2.97944070567e-13
2798,2799,1.81564037201e-18
2799,2800,2.85678624863e-12
2800,2801,4.25667472412e-15
2801,2802,1.42239114122e-16
2802,2803,9.95596408042e-15
2803,2804,2.03214529731e-18
2804,2805,6.95216108189e-16
2805,2806,1.06844272523e-13
2806,2807,1.22431358047e-09
2807,2808,2.88027140569e-13
2808,2809,1.111681733e-17
2809,2810,1.5920033026e-16
2810,2811,3.81217927732e-12
2811,2812,2.69749045903e-16
2812,2813,2.03214529731e-18
2813,2814,1.5882402107e-19
2814,2815,2.85678624863e-12
2815,2816,9.95596408042e-15
2816,2817,1.27386055648e-13
2817,2818,2.90329037472e-20
2818,2819,5.94004434125e-21
2819,2820,1.4799541534e-20
2820,2821,3.33472228972e-13
2821,2822,7.79960356062e-13
2822,2823,
2823,2824,7.28737731011e-19
2824,2825,2.334124164e-11
2825,2826,6.52640630734e-16
2826,2827,1.62989812363e-12
2827,2828,2.97944070567e-13
2828,2829,2.66201085048e-13
2829,2830,2.334124164e-11
2830,2831,1.42239114122e-16
2831,2832,1.5920033026e-16
2832,2833,2.60628019022e-14
2833,2834,1.62989812363e-12
2834,2835,2.90329037472e-20
2835,2836,3.24181048575e-23
2836,2837,1.77342707907e-22
2837,2838,5.10076761851e-17
2838,2839,6.08143658388e-17
2839,2840,1.15331266392e-16
2840,2841,9.64738841896e-12
2841,2842,9.97955321226e-12
2842,2843,4.5681293202e-14
2843,2844,
2844,2845,4.0911107986e-11
2845,2846,1.27084947331e-16
2846,2847,2.78288076303e-11
2847,2848,2.03214529731e-18
2848,2849,
2849,2850,9.8536806381e-11
2850,2851,4.35799733211e-11
2851,2852,2.16984270415e-15
2852,2853,3.8031682527e-15
2853,2854,8.7090278078e-16
2854,2855,1.535376373e-19
2855,2856,5.10076761851e-17
2856,2857,1.13814334916e-13
2857,2858,6.79052466048e-20
2858,2859,1.62989812363e-12
2859,2860,9.95596408042e-15
2860,2861,3.81217927732e-12
2861,2862,4.87766405763e-11
2862,2863,3.33472228972e-13
2863,2864,2.26909095651e-21
2864,2865,2.23803541393e-10
2865,2866,
2866,2867,4.15770784728e-19
2867,2868,3.71474531497e-19
2868,2869,2.97944070567e-13
2869,2870,
2870,2871,9.32416232178e-18
2871,2872,
2872,2873,6.09584561637e-14
2873,2874,2.49898760977e-13
2874,2875,7.7811672766e-16
2875,2876,6.80661376856e-17
2876,2877,2.334124164e-11
2877,2878,1.9531047377e-14
2878,2879,1.81994225377e-15
2879,2880,9.95596408042e-15
2880,2881,4.15546008068e-11
2881,2882,3.55226527889e-13
2882,2883,7.79960356062e-13
2883,2884,9.62458444042e-15
2884,2885,1.24130246504e-20
2885,2886,2.03214529731e-18
2886,2887,1.63815461432e-14
2887,2888,2.03696015433e-15
2888,2889,3.33472228972e-13
2889,2890,9.56872554223e-11
2890,2891,1.19302184178e-16
2891,2892,1.24130246504e-20
2892,2893,6.96863316271e-13
2893,2894,2.08051691955e-14
2894,2895,1.37830547723e-13
2895,2896,
2896,2897,2.32860688671e-14
2897,2898,2.66831807674e-10
2898,2899,2.97239806374e-16
2899,2900,8.3505037818e-15
2900,2901,
2901,2902,9.8536806381e-11
2902,2903,1.90769542443e-18
2903,2904,5.80169311143e-14
2904,2905,4.25667472412e-15
2905,2906,1.82425432817e-12
2906,2907,6.08143658388e-17
2907,2908,2.49308063707e-16
2908,2909,6.47816344087e-17
2909,2910,3.99599325167e-15
2910,2911,2.97944070567e-13
2911,2912,1.52285722109e-18
2912,2913,3.31897604689e-19
2913,2914,9.95596408042e-15
2914,2915,6.79052466048e-20
2915,2916,4.25667472412e-15
2916,2917,3.68529266078e-12
2917,2918,1.90318611644e-21
2918,2919,3.32683985226e-16
2919,2920,1.27386055648e-13
2920,2921,1.10905399942e-20
2921,2922,1.22854983889e-16
2922,2923,1.14084000536e-10
2923,2924,1.27386055648e-13
2924,2925,2.88027140569e-13
2925,2926,4.57895280271e-11
2926,2927,1.36706705e-12
2927,2928,2.27446721998e-18
2928,2929,1.45969900092e-09
2929,2930,9.95596408042e-15
2930,2931,3.543868625e-16
2931,2932,4.25667472412e-15
2932,2933,1.62604545798e-15
2933,2934,2.25110028809e-14
2934,2935,4.76425929726e-15
2935,2936,8.8952548573e-15
2936,2937,1.22431358047e-09
2937,2938,1.45969900092e-09
2938,2939,2.97239806374e-16
2939,2940,9.70150358448e-22
2940,2941,8.37028902139e-12
2941,2942,7.82058393353e-18
2942,2943,1.06844272523e-13
2943,2944,9.56872554223e-11
2944,2945,1.94848809361e-17
2945,2946,8.07692774211e-23
2946,2947,6.79052466048e-20
2947,2948,1.81564037201e-18
2948,2949,1.70848783048e-15
2949,2950,3.72354683501e-16
2950,2951,1.62989812363e-12
2951,2952,1.49097536817e-19
2952,2953,8.91633080111e-12
2953,2954,4.87766405763e-11
2954,2955,4.25667472412e-15
2955,2956,1.2442435411e-17
2956,2957,1.36383565033e-15
2957,2958,6.52640630734e-16
2958,2959,3.74240901377e-18
2959,2960,2.97944070567e-13
2960,2961,3.31897604689e-19
2961,2962,5.3197661113e-18
2962,2963,4.42893888682e-19
2963,2964,8.30841626691e-13
2964,2965,7.52217473805e-16
2965,2966,9.32416232178e-18
2966,2967,2.60011960508e-17
